-- MySQL dump 10.13  Distrib 8.0.42, for Win64 (x86_64)
--
-- Host: localhost    Database: cafe2
-- ------------------------------------------------------
-- Server version	8.0.42

/*!40101 SET @OLD_CHARACTER_SET_CLIENT=@@CHARACTER_SET_CLIENT */;
/*!40101 SET @OLD_CHARACTER_SET_RESULTS=@@CHARACTER_SET_RESULTS */;
/*!40101 SET @OLD_COLLATION_CONNECTION=@@COLLATION_CONNECTION */;
/*!50503 SET NAMES utf8 */;
/*!40103 SET @OLD_TIME_ZONE=@@TIME_ZONE */;
/*!40103 SET TIME_ZONE='+00:00' */;
/*!40014 SET @OLD_UNIQUE_CHECKS=@@UNIQUE_CHECKS, UNIQUE_CHECKS=0 */;
/*!40014 SET @OLD_FOREIGN_KEY_CHECKS=@@FOREIGN_KEY_CHECKS, FOREIGN_KEY_CHECKS=0 */;
/*!40101 SET @OLD_SQL_MODE=@@SQL_MODE, SQL_MODE='NO_AUTO_VALUE_ON_ZERO' */;
/*!40111 SET @OLD_SQL_NOTES=@@SQL_NOTES, SQL_NOTES=0 */;

--
-- Table structure for table `admin`
--

DROP TABLE IF EXISTS `admin`;
/*!40101 SET @saved_cs_client     = @@character_set_client */;
/*!50503 SET character_set_client = utf8mb4 */;
CREATE TABLE `admin` (
  `id` int NOT NULL,
  `username` varchar(200) DEFAULT NULL,
  `password` varchar(100) DEFAULT NULL,
  `s_ques` varchar(500) DEFAULT NULL,
  `ans` varchar(200) DEFAULT NULL,
  `role` varchar(20) DEFAULT NULL,
  PRIMARY KEY (`id`)
) ENGINE=InnoDB DEFAULT CHARSET=utf8mb4 COLLATE=utf8mb4_0900_ai_ci;
/*!40101 SET character_set_client = @saved_cs_client */;

--
-- Dumping data for table `admin`
--

LOCK TABLES `admin` WRITE;
/*!40000 ALTER TABLE `admin` DISABLE KEYS */;
INSERT INTO `admin` VALUES (1,'admin','123','What is your favorite color?','green',NULL),(2,'truongadmin','425EK0NTN9DgBNqSWiLVtw==','What is your first school name?','Lam Son',NULL),(3,'vantruong','425EK0NTN9DgBNqSWiLVtw==','What is your favorite color?','M1ZIK7BkXPMUD1bV6R5NVg==',NULL),(4,'vanntruongg','425EK0NTN9DgBNqSWiLVtw==','What is your favorite color?','M1ZIK7BkXPMUD1bV6R5NVg==','Admin'),(5,'tuanhao','4vE//bKHjU6xYLtCpios0A==','What is your favorite color?','+PIXdXv0qOLr2onAJ5niDA==','Employee'),(6,'trantri','Jzzj+U9SB6zBAQNZkdSH+g==','What is your favorite color?','wm/55wTtKY517ViMlUZ4tQ==','Employee');
/*!40000 ALTER TABLE `admin` ENABLE KEYS */;
UNLOCK TABLES;

--
-- Table structure for table `cart`
--

DROP TABLE IF EXISTS `cart`;
/*!40101 SET @saved_cs_client     = @@character_set_client */;
/*!50503 SET character_set_client = utf8mb4 */;
CREATE TABLE `cart` (
  `cid` int DEFAULT NULL,
  `pid` int DEFAULT NULL,
  `pName` varchar(45) DEFAULT NULL,
  `qty` int DEFAULT NULL,
  `price` double DEFAULT NULL,
  `total` double DEFAULT NULL
) ENGINE=InnoDB DEFAULT CHARSET=utf8mb4 COLLATE=utf8mb4_0900_ai_ci;
/*!40101 SET character_set_client = @saved_cs_client */;

--
-- Dumping data for table `cart`
--

LOCK TABLES `cart` WRITE;
/*!40000 ALTER TABLE `cart` DISABLE KEYS */;
INSERT INTO `cart` VALUES (1,2,'coffee 3',2,12000,24000),(1,5,'matcha',2,25000,50000),(1,3,'coffee america',2,34000,68000),(2,5,'matcha',3,25000,75000),(2,2,'coffee 3',3,12000,36000),(2,3,'coffee america',2,34000,68000),(3,2,'coffee 3',2,12000,24000),(4,2,'coffee 3',3,12000,36000),(4,3,'coffee america',2,34000,68000),(5,5,'matcha',2,25000,50000),(6,6,'Coca-Cola',2,15000,30000),(7,6,'Coca-Cola',1,15000,15000),(7,2,'coffee 3',1,12000,12000),(8,3,'coffee america',1,34000,34000),(8,2,'coffee 3',1,12000,12000),(9,6,'Coca-Cola',2,15000,30000),(10,6,'Coca-Cola',1,15000,15000),(10,3,'coffee america',1,34000,34000),(11,7,'Pepsi',1,15000,15000),(11,6,'Coca-Cola',1,15000,15000),(12,7,'Pepsi',2,15000,30000),(12,3,'coffee america',1,34000,34000),(13,2,'coffee 3',1,12000,12000),(14,6,'Coca-Cola',5,15000,75000),(15,3,'coffee america',1,34000,34000),(15,6,'Coca-Cola',1,15000,15000),(15,7,'Pepsi',2,15000,30000),(16,2,'coffee 3',2,12000,24000),(16,6,'Coca-Cola',2,15000,30000),(16,7,'Pepsi',1,15000,15000),(17,6,'Coca-Cola',1,15000,15000),(17,3,'coffee america',1,34000,34000),(17,2,'coffee 3',1,12000,12000),(17,7,'Pepsi',1,15000,15000),(18,3,'coffee america',1,34000,34000),(18,2,'coffee 3',1,12000,12000),(19,7,'Pepsi',1,18000,18000),(19,6,'Coca-Cola',1,15000,15000),(19,3,'coffee america',1,34000,34000),(20,7,'Pepsi',1,18000,18000),(21,7,'Pepsi',1,18000,18000),(22,7,'Pepsi',1,18000,18000),(23,7,'Pepsi',1,18000,18000),(24,2,'coffee 3',1,12000,12000),(24,6,'Coca-Cola',3,15000,45000),(25,6,'Coca-Cola',3,15000,45000),(26,8,'Sinh tố bơ',1,35000,35000),(27,9,'Nước ép dưa hấu',1,30000,30000),(27,8,'Sinh tố bơ',1,35000,35000),(28,10,'Nước ép dâu',1,30000,30000);
/*!40000 ALTER TABLE `cart` ENABLE KEYS */;
UNLOCK TABLES;

--
-- Table structure for table `payment`
--

DROP TABLE IF EXISTS `payment`;
/*!40101 SET @saved_cs_client     = @@character_set_client */;
/*!50503 SET character_set_client = utf8mb4 */;
CREATE TABLE `payment` (
  `pid` int NOT NULL AUTO_INCREMENT,
  `cName` varchar(200) DEFAULT NULL,
  `proid` varchar(100) DEFAULT NULL,
  `pName` varchar(200) DEFAULT NULL,
  `total` double DEFAULT NULL,
  `pdate` date DEFAULT NULL,
  `cashier` varchar(50) DEFAULT NULL,
  PRIMARY KEY (`pid`)
) ENGINE=InnoDB AUTO_INCREMENT=18 DEFAULT CHARSET=utf8mb4 COLLATE=utf8mb4_0900_ai_ci;
/*!40101 SET character_set_client = @saved_cs_client */;

--
-- Dumping data for table `payment`
--

LOCK TABLES `payment` WRITE;
/*!40000 ALTER TABLE `payment` DISABLE KEYS */;
INSERT INTO `payment` VALUES (2,'thanh','7, 3, ','Pepsi, coffee america, ',74000,'2025-07-15',NULL),(4,'tri','2, ','coffee 3, ',17000,'2025-07-15',NULL),(5,'tien','6, ','Coca-Cola, ',85000,'2025-07-15',NULL),(6,'minh','3, 6, 7, ','coffee america, Coca-Cola, Pepsi, ',89000,'2025-07-15',NULL),(7,'giang','2, 6, 7, ','coffee 3, Coca-Cola, Pepsi, ',79000,'2025-07-15',NULL),(8,'giang','6, 3, 2, 7, ','Coca-Cola, coffee america, coffee 3, Pepsi, ',86000,'2025-07-15',NULL),(9,'van','3, 2, ','coffee america, coffee 3, ',51000,'2025-07-18',NULL),(10,'Chi','7, 6, 3, ','Pepsi, Coca-Cola, coffee america, ',77000,'2025-07-18',NULL),(11,'Giang','7, ','Pepsi, ',23000,'2025-07-20',NULL),(12,'chile','7, ','Pepsi, ',23000,'2025-07-20','tuanhao'),(13,'trieu vy','2, 6, ','coffee 3, Coca-Cola, ',67000,'2025-07-20','tuanhao'),(14,'bui thanh','6, ','Coca-Cola, ',50000,'2025-07-20','trantri'),(15,'minh le','8, ','Sinh tố bơ, ',40000,'2025-07-20','vanntruongg'),(16,'Hoàng Sanh','9, 8, ','Nước ép dưa hấu, Sinh tố bơ, ',75000,'2025-07-22','trantri'),(17,'Minh Van','10, ','Nước ép dâu, ',35000,'2025-07-25','vanntruongg');
/*!40000 ALTER TABLE `payment` ENABLE KEYS */;
UNLOCK TABLES;

--
-- Table structure for table `product`
--

DROP TABLE IF EXISTS `product`;
/*!40101 SET @saved_cs_client     = @@character_set_client */;
/*!50503 SET character_set_client = utf8mb4 */;
CREATE TABLE `product` (
  `id` int NOT NULL AUTO_INCREMENT,
  `name` varchar(200) DEFAULT NULL,
  `price` double DEFAULT NULL,
  `image` blob,
  PRIMARY KEY (`id`)
) ENGINE=InnoDB AUTO_INCREMENT=11 DEFAULT CHARSET=utf8mb4 COLLATE=utf8mb4_0900_ai_ci;
/*!40101 SET character_set_client = @saved_cs_client */;

--
-- Dumping data for table `product`
--

LOCK TABLES `product` WRITE;
/*!40000 ALTER TABLE `product` DISABLE KEYS */;
INSERT INTO `product` VALUES (3,'coffee america',34000,_binary '\\\0JFIF\0\0\0\0\0\0\\0\0	( \Z&!=#%)+...383-7(-.+\n\n\n\r\Z\Z-%---+---------+-----------++-+-----------+--------6\0\0\\0\\"\0\\0\0\0\0\0\0\0\0\0\0\0\0\0\0\\0<\0\0\0\0\0!1AQ\"aq2B#R\Sb\r3c\\0\0\0\0\0\0\0\0\0\0\0\0\0\\0#\0\0\0\0\0\0\0\0\0!1AQaq\"\\0\0\0?\0\1\`{٬Ĥ\\\Wj\\O/=,իo\\0kc\Yq`^	[յd\\;[&\'\?\\r\\\\>\*H[\mH@\\;̤\6\˷Ieߎ\ۭV\Ts?\byj~c\?\%\\\Wb~\+y|3Nμ\G_\N\s:~s]{\A\\\/\\~\\\r\\Ṍ \\nB}5{\l\\\'+S{\q1\\\})\t\cc\ɠ\-9ʝ]>`\{}\<p.s)\溺\<\\\w\5C\0A2т\" \"\"\" \"\"\" \"\"\"RH?Y\|USKܝ\0%\\b\V\4lxF,ĩr\[a~\Fy9nc\\\,\W\=G \\0\rŀA\\bU\0K\^\.\X\\#KkӼW(\\\\\1 \\YYZ\^I\\\re|;h|ߘ\׬ӧT\!k\Bn	=-aa\S}\\\\\\^:D\\n_\\m>\o\\!4缢 I\\\r\\0Q\Mߔ9ek\\\\\\\*A\j=f3\evu{\0n.&\9?\J\\\^;{gk-=т\" \"\"\" \"\"\" \' k̥2H׬\xvJ\\\_m\\0bv7)ÖdȞ\3\\\mO$Ǫ\<[%WzUjf6rNs\yq\UZd}.e=\뿼\<S+)6l\i\\Zdvz6@F\܀\'Ǽ:L\0\L>.t\.b/=\$SN\7\\\1@*oplYW{\\GU@dv7\\E;w\c鬧H$YT\@\Ν\3C[1\{\\v	sl.	\-a\J\\nk#\)\\\z5\\\\f\;y3Ǿp5el\o	\镍h5\18fBAu\g^\y 209\\E\J_6Cm.}5:\\8\\\H\ݽGC\1 hS=&~L\<:&QQ\Qs\Oa\7\\Qݜx\0jo[Y\9G092PK}u[W~\Bmp`p\L\Q5\\\gĺbPO7\%]ݲ\l\y\L9k6\"vwB͙\,@Z,y7o7a\SQ_GQ\c\\~#\\)\O\Df_n\\\ r\x5BV\\\\n\r؋*\\\Zӻu)@F66:E\Ʊ\XN\'_F\n;#[Nʜ\KEd\s52\"%d	\2\J\[\}\\\q#\yf[&&&Q\2\\\|W/\\4\A\n\n\0=gÉL\\y\'2b\e\'ԋ\r2i:pe\\\`28\u\0c?\ZXR,\M\\'}Lp\\n f7#50;݅=.;ɒ\S\"\>TA15Fl\,\]\7WQ\k\0\\/ӛQ䨸n\\é3\\'}A}gH\nu7:fiΒHŶu7\\2ݻJ\Eċ\㪹\0גWL\\a\3Gy*\nxwG\\\9cn`/N\\\\B~\+I?\I\\u\\z\8\\t\֩IaW*k\0\QsM&x᪳RgF-ƍl/7Oض\b3]P\):\^\#|.F\5H@.\@+P머m\0c\N\0;v~G㿶aa b\XzSaW\wzV\Z \[X/;T\\\9%\\)R T[`\>\\)A\#4ʨ5\k>U\'f߬O\Ҽ%\9W];\0Y}\;\90U9\\?8X\\J[\ZAhLD*\\VY\XyT%S2U3!Si}jZTL/a(/!cqyVS\J\lge L1\\v \\&;+}f:\IBdf5\{^cү@\rl @5\YE+{_\m\)V_\Ia\e\zϤxj\M\ԫR,D\<\˴*0Jjv\Ӯ\L%Z\@\\1a\\\^Gl>\n!3Ҥ\\.6\;\|Rl\v[0\0Y\<ˈŅf\|^-zkRκ\\i8\\\	/f\u\\"t\\XSVø#(i_\\+\>e2\\\t<_M}\ӘJMB*@Q\\w\˭/DD\\\ϨL3\T\Lk0,z\\x^xqle-J*R\/^j\\u0O媖X]!Bv\u\%p\ѕA\\\n醮S\)}j\j;\ĮjgoN\n$g6Rms2#cW \a\ĻJʙo<Rlx\ZT\Z)\0p<Wi\n7z<@3{\c`?%ع\N\-F\.z\\|F1\\\-\A`\09\꬏Zl3{o9>++bq*\\nBI@`\'ũ\6˕]j^\\'M+U{\0\by3\rZ5L\rn\/\&^iS+oJ4U橥Ȭo%FK\\\=N#\?l\v`\07v~!\\9\Ty@>\\\dŘf=\ݢoھ3dZdYUċƘV{\\QN\`\rmp>%Z\' AQ\mdI|\r21X+2\0\\\0>|EA`m̻\\\:uSg2ճWԵT\\w\b:\eV`V\@;-\F\\\z\Y}8e,\"%e\_\\onc6k?j\U\L\'i0;h\\ʴn\ZG[Ѝ\\Q8\iq\>\a\6\iς\M\цA\Dk\|PaFU\Nt\\\\Ѐ\\F_;N}2Ai\.*K\ͯ`l\O?\xo2\qX;pw^@\V\!FG\$\3ӈ_\ч\\0?\\\\It\rs\MK6!\W3^\\n_*l\ŉ\ߴ4\\\0(/\2qa:m\|\'\{\xJaU`@\f%O&2K\,w\׿XkI8#,rb\r\\"mCNNF\0\{\/Sz)(8\W.v+e4ӭF\0y\Z\:4\\g3\<]\r5JP\n\0(g6Qxr[W\O\\M>eO\n.\\d	\ns7vo\QX|B\_\N\|\\\6_+k\Y\r\.oAfIA?6\\\r\szl˪\\M\\\\8\\9HLn0߱\0	W͋\\:xjjd\,n\\EFNA_]fe4,})T6eS\q\\;^;\¦,6l\r-iA\\	\qLmñ\NPjs7^Y~[\x z\0\DU[9Ϡ\\)ubru\Nӳo2}&\6\\0e\F汍\DM0Od֟ufj#CW,\|1@F\\MG\\1;.\\\\\Zn\'Rm\iax\"iWQ~WP?Q\ZP\.\\\xt\J{\*A\Oh\W<7\?v\i}\`\o\F:,2Z2\\\v3~\{~\\\tm<vCLum?!2\\\h\0\N\ES\\\snYr\\TĲ\+@<7\::\J\w:	o\J\gd\x&?S{\.l]WlǰZk\rA\T\?.JSiTD\\!\ԫE*\Ztʸb;)%*&|\\=\|\ΓN=\	(\\ԥ9Re4ݍ\\0LY\Rn&+Y.t;\rH\[\\Ҏl\\\Zٜ\H\MF/6;\_X\\˘ݑZ\[sa\\m7\\\\\\\Q*laѷP}؁\r	\/\\X{40x~\\\\\3\Z\0Kf?i\MS\T7s%%%(WD@DDD@DDD@DDD@DDD@DDD@DDD@DDD@DDD@DDD@DDD@DDD@DDD@DDD@DDD@DDD@DDD@DDD@DDD@DDD@DDD@DDD@DDD@DDD@DDD@DDD@DD\'),(6,'Coca-Cola',15000,_binary 'PNG\r\n\Z\n\0\0\0\rIHDR\0\0\0\0\0\0\0\0\0\\rf\0\0\0 cHRM\0\0z&\0\0\0\0\0\0\0\\0\0u0\0\0\`\0\0:\0\0pQ<\0\0\0bKGD\0\0\0\0\0\0tIME\	1d\h\0\0\0IDATx\\ye[އp;\2r\|c檮\nDv)K\" J	$vdӃLAЂaaZ\"\!PE6\\\\Z^ի\\C\s\w<\\a}ndVeU\=ܗq#nDܸ\\^\[\K,\K,\K,\K,\K,\K,\K,\K,\K,\K,\K,\K,\K,\K,\K,\K,\K,\K,\K,\K,\K,\K,\K,\K,\K,\K,\K,\K,\K,\?\\~KADN>Bo\ZF4PA^us\r\\&%\]|i)K>a\0~\GkEh\\\e4Q\\riSU5\9\\\9L\'x\1e4>&\ۧOkkCze\"\)\eZ)\\,Gbd>b\0-\,\\G]\\O>\c,D2\\q81USf6r\\-\+\`\\޼sN&y]U\d:x\1J\y+r5֘\f.B2k]nM\7\kCᔢ\Z\j6z\\\ߊ\\r\\A#	/eAw`Np\\\~\XQ\\\>;\\8\\\C\q\֝\p\79\'\\\|~zV7\ꦾP\\\n1\a~U+ݷ6+<YNԝNGiL\=:e̆\ژe6fYlfѺ\Z6$\}PƘ}\\?t\\FǓ\/kN*@ᝣqs\\p\W^}\/\\G\Kڐ\\\Zy\ϫ\\\\Gdռ\\\\k\\\dzf^U\\\zeָNU\6QA\"(\lF\t\2\\\\n,3t%E\\\h\2hFBk\M\ZPL$\\\\\\r\\GM\53\\;7EUU8W\\p\9\˽\\0#w\q\\6tW7F|駾>|\զi^@\z\iW>;͇\窪*\f^5T\\C$!\JcLZН\\Ry\\}ʲ(2rk֐\\\1FcA5(\0A)\Z!\bQn\\ιoTukW>\\>\\\l\ȏ3e\0xu6g/\\w88>\\?\O\o{!ϳ/k~.\v\4|NUUTU\|^QUٜnh\'D!\"Jkh)N,\\{z=:\NISP\yrl<K\FFkR\0@\ZiAa\\i\Zݺ~7\~\\\^\\9<\\g~\\/\\o\?sX\\\\\\\_b4/|\F\Od6\ƨ\"b\=!4MsNgL3\\	U5k\#\dD>6\e\̢\ڔ-eYRfYQy\\Qe\\cD\6(~tRZ\"c\\4M׿]ͫl:\\\\\X]]\\}V\q\xO\\0O;lnnq[\\O\;ow*s!I\Z1Jvq	༧\Z&)\\#&\)ٜ\9Hzp!(N\iu\nYN\!kw`@\)ceYbA+PJ̞<\\:e\,u\\ Hn\7\ߙΦv\\\]\\\?\\\\~2\0S\\^\\]VWpz\d6igCp!\dY\\\9y\"x\d2\\\\#&\)\!Da>OG+D@t^ϋ,dyN\e82\v+t;ENQ\\9،\\nH$@\uS\G\h\\P),ֿR\nn1ƍ\\7\'\\4\\^Tϝ\\k>\\~\@c\0~\X\t\}m^\\\\ol:7M\:\\$\z=\\g:2N\\CDiC\\\rxp\hD]\\mZoKEIV\'?8\\\^Of\re֦]\j1:25(N>BA\UC\4\'t);P(A\rm\0\d_F\#_o\\=\Jj\ŋ/\}\o\X,\#n\zx2bck\]gsssxtK\1;<͊<\\Zʲ\볶FS\\\C]ݵ\\0\\PՎ\\#\ܽǽ9<<b:\c@0Ɛt>\\\̦ݿ,J\"-\NCgEN\\!(şe\µV\\\"+`,֦\DhJ3\B$BKme\"\LƓ\oM\\\pVWWx饗\\\0\\({]_\\\\\\\\h<X\51F5t]\\Wh>`a821\\4G\\\\p\2\ZM1FI;5c,F\t^ϋA1ϯ\jM\\,y!OCYvR`\R7!\q@/`m{\ڠB\TUV^K[b! IDU5\\\ѯ\\_>\\l\3ۼ\Ome\0}½6\\.\[[GGxt<ld\CVW\y֊n\\\\neY\"\"\u\l6c<qt|\ሣ\	\\\8\,CS]=\QJir2$DjZi2\3-m?h\\"kD]zE\[鼟\y,\\Z\0̦s)1F^1\\99::\\\ѿ[\auD\\[\n\\0+^\/կ\`v\\\AϹ\\>\J\)YYR%\{\9٬e\9k\\\\$DAk\.`cNv\\$կF\AIJ=}5֦, ,\ɲ\"KG4cO\0\,TwΝd%J)\"M{4\3ONmGYv\\OJ_\\\\\'>6.?\\+]\pD^dz\Ýփw;;;ú\\\vO|y\1FfIb\-z\l F(i\"8\@\R~3\D\tbiw\sA-\n{)Cڐ\)#(˂ۡ(\n@)IL\E+\\c9\.\1\X:.yc\9\h4f6:\`1c:\\\Çwkc3C^yŧ62\0W>\/7\\\\w\\9?LֲB\Gk(\9\\|N5N~OQ\\0\Λm1U\Yw:ysU\Yp\n\"F) D\\\"\"\\@`R2Y,\n:\.^\QJ1L\hY]]mFM\(L@Rb*G+++\yw|\\\\\o\W	\q\B\2\0\}\_.\n\Ý\[~iwwk-E*\"4M\t:a6Q\\r1Fz[[[h\\*} HӸj~րJE=!\0\IH \Z\\uk*H^زG^t0YN\0ZڌbS\\\e\lll`&\\\rR0H\TL\ONc\f8\\tR0Ϲs\ί\\>\dO	A\\!W>\_/\\\\1FVVV\'\9<1Nq\amƩS8}4~ȶ8()۞I\\!BHj\\C\|BcT	o\.\v\\Vy2]$\T\\DR6%f`A\`ass\$\\_\\Zp\\\9>>FD(˒#EQ0y6.\~\o|\i\ \0?DtʜC\wGq`_\5\\\C\Uq||\ht\x2!x\\\*.]bkk\REu\{OlyQ\P\IQPn&3xh`ý]B3c\>2cuO\a4PP\\nsD\\I\k\I\i\Z̀RC<\,\4\\'᪪\Z\=\\\xґ\;	\\\៼{\\\X;\\?X\"vv9<:$\O\fON&`mm\r\rD]vwwO\'\(zf\}5rC\&\'\\|N(\C3jO\"x\ 1$\^\\)&m*\6\K6\r\\ELg!Tĳ\`[fh*1\nJkC|\N\q	C\rݲLG\z\(z-!\\h4¬fY\\>5\Z\\?\\{\c\\0C\_c|\|i\r5<Wsvvvx\\\(9w<\=<\\%l*\+\s}1jc\X(q!\]Ĉ\VC\ܲ\\p3g\\|@)C(!&\	+vNt^K\04\ZpRϲ5ռ\;\l*\n4\ȳ:i\uCU\9nKa<\\v֘/~omP~A%\5if\9Tsaoowﰿ@\i.]L\۞%G]\\\\"M\:	\h\\֤\]l6i\Zz*<\Y\KlQ\"J\\\~M_T`[눊L\|\PQR\"uh[*V\PU\\\\c\0\dJ\8\iN!\\0\\\\s\\"\"/G\\c[ce\0!\"\Q\.k3D\{\rp͍M.@\\'k\\x:+l1\Q}Uh\"\N\\\џ\\}o֚\\o\\v)\YV\\Cn޼\_U_\"dyxRXmM{<BBlIGE\?\}i|c0\𐃃}*v-p\L&dyFYLӓhq޼q\\i\?X~u\mQ]\dPq5wK\\lnlqz\ \r\hji4A\m\o@\"\,~\s$4V \"\{4MMӣ\颴\\\3\\yz!Ͻ;9}<\0̰&\jK]\]:\Ȗk\f*H@kAkAD£.H]\'vc\9>jZ\x<&\\N\l6K#ǩ	bBP>\w\\\0CDמ~/eY\<0\\ۥ\\z\\VW\5 HDBj@|\\GuE AⱯ-\tcPP?5\gN;p\\4\s\]\<L>\5[O)LVR~	-p:v<X\\)\I\089ƈn9\\\+\\veln<NW0\\[\\,˴\|y^|H}&4M#\0\4\rQ\"\\\\\Z?\"	@El\ӏ-@Vd\PJ\Q\\\\+̪fss5r\\\{\mΜ=Ù3g1Z39e9d֦#\q]\\v\_u9\hx\O\\r9	1\\'<\\c\\\x\L&D\\Fc\,hb,	2\d\Ճ\"/.m:\h4\"|>\\5e\Sλ6\H,i׎AҴ}mX\D\\R\`U\{OVWpi\Ν\\\;_s\Y1LcE$\QT\\'\>P)\\#\\v\%(6\=̼\h󞣣#j\\uk\M|X\\C\P?9&\mn0\\\HP1\-\n:Gt\6Wm/\n\'\ǈH!<&%(B$_	m\\E QSKԂ{\*\3;:\qjmn^kE\!\4&O$ P5\n	@( 3ѷ\V18u\5n\\y]C\\(\x\x4\2ݮ\\9N`\\\~GLvϦ=LΩ3?w\1\YF^(c\E\ZOz\=\'\9(Ъ\!DVn!6\HO5\ф\x\|6q</ɲm̉WQ\	|\"mvALCH7\A)6Ic`q$P\HDEfA:FhQJQ(\\\\;\/̿|\|\\sR\\\\0{D\5\)\֬ܺd\\\xz]\6=ÝkW\dw\2҆nm\\,X@i\DwU\nV\n4ɹG\C}R0\Z1Sv:\\\\cYY]\[Uac}\\=G0\\\\\\ Qǉ*P{7J!&?N,m`\LGTXlgVU)\\8\|\h2b2\Z39\xrj:\\;x\%Fwn3<wi_\n?X\\Ĕ\[\b\z2q/@\\\ypăwMXEsBI\r\9YFk蓣C*)Q\ǆ\\V\r]\'3\I\T\\\.\\r<\O5Z}E9\% \'\xq{VMXiǾgs\`#\\9EYr0\ZRa.?\O}_\wW>\?=u\i_?vXBݹýo]ַ?\>\\\\\\v6C@KXbϜ\\OF3~\7~\\SPͣ\NH\\ɔnȉ2\ZYN\\\\w\\x<\d9/=\\\:ޠ\\\\)J\pue4\\\'9Ο\޽{F\\zڱ\6*u[t!ѓiBI1T4`4whhõf)e|)AVfn\\3?\>7\\?\K\\\\0O\k\\\p%{\D>Z\T \\pe\\\~m5\\[LgV\ZA\\\"?F(\\Xd\N꣠u\X̧t*\st|\\\\Z{&hʲG\\'F9\! L\lo\\p\4Zk	\\xD%y14:jz\\am>\pƋ	PW(E \10zg\\tS̟\\7\|\\\\\g\.ϼpi_?V0O	8\+\7&k\^9L>`}M5\7\\Z\Ģ`\9676.\\n5M\P\'\bZix\Qa\2:n+\f@$FR^@@e4ZAֺtʂ<\	\B,K\\𐪚3O<\0OtamtՖ\\\ǣ竴N\\7\0pOB;}(.w9zoֈD\\\\\3\ܹy\\\\\\|ڗǏ\w\իtΟcv&̅0;xqSоFi1H\\Y%fkkklmmZ`0$kv\Z@X\W\G\V\\ſw}VWV\:a>\\\HD\O\D\01$\'n޻T\)\F0MG\B4O#\\nA*I\x\~܌[Q\nÐ\\eXWC\0x	}\\_x\\\"\\\\i_&?6X~@v\*v}=gwh&_41\UHhנ]\rѡqhs \\rʢ\s/<\\C967\e\t\Q\)	6\TIm8J1Qɕg>\)1cu}\ \n\\lN\ڇ+J<&8\=*DT\8	\O\saueNxfdA)V\&\\\ra\_ZB(c2\d֢|lP͜~w܀\\\"`\7Qλ_\\}k6\\{\~\+ce\0]`5\P\Kx3z:\x\1\<\\\{$LG\h:8ƾi\N㊜S<\Z\5:W 0>@P(-(*P45R\>x\\v\n\JW\ﳿ\\\ZzN\\p\6\{FG\rpptV1%w\1+\C\\3EM\n>\$<+SWbHFQkRB\D4%\~N^g\\Q\	78|\\.g5b5FeIO6\\u1\_\:?y\O׿^]\i_*?6X\č!/냣\ZO^29ƹ}8	\<*8(臊\;\?2XCیb\pjh\\rK\\\`gWW\M\\ZD\\n9EYsVTu\͛\˜\\\ZW?\vT!+\nє|\t2f6C\:V\'\Z>D\(H\d\\Z\\ux^\PJ#A$EZR \ゐٌuzJPUj?:\L߿\c\\\H0:jϐ\\w\`\{z\w/~y5\z\r,;cYxBFx-\_cf4_\ǽ}\Zդr54\riPu\#1\t,\r\\\\zf!63T\\"IgcQ%\\֤\\]\\\2\\\\]%\n\쳷\d\t:c2MG\\K7e3t&Di5\nbɘ\'\LMS\GJf`\y4\\Zlo\\E$zrL=:`t:o|>\&4Đi@/\\Z\r>\0\\[n<\˿Q\\?\\Ӿl~\\0Ol>\̫?IMFF/ct3\kWQU͈u|t{\\9r\\GDC\\\֩-V\nc\pbuU\]\z)\\\>\6u|Mn\\\y\Z\>\\\H}\!,:x\ZJ\fdyhi[~\\=\(n`\\\*X1k\Zf	\\\\<\wy\7\\M\|J\\P>]DE!*JȔei\6\\3\@I\o޾\)\_]G\'\\~\\E1\\ϛjl=C\ZBAGKؖ\\@p\_C=\ *\ܑ\\\}\\\\\6U\ɵemsS4c:rxt\\x\t2\>	pΫ\\#<uft|Df4YbD)C\\"/)\xL]\8\p1ubdSt-)0֠IDFJ	l%3,˰yF\)\\1F#\|\t\!\G\ߧϡqD\Z%(ш)\\\+PAu{\\M\\p^\Z\ҳߨf郇l\zڗΏ4\	\\r\\k?gg-\THl\\!\=\I\0\\L@ǈA\\\\;\\\\_\>	x\4\cM^a\!#\'LFc&	\ɘ\\o\\}&\A>D(Š\#Ӫ\*&Mj\'NJ\uUдyfmZoDp!\Ő\V&AS\y/+a>P\\a|\&{~D\0SM\\\xIGBz	\!C!0A\\\nMQP\H\y\5\OOg\M\\Y\\xڗ͏<\	 \"\[\њ\\\\UMpD(\0.) @,\_\Z!y(\\Z?\Z1~z\r\s\ϑE\uh/`\\{\0x\h\ZǼ3*&yM]\q*	n\b\Ɍ\(\rVYKBw\rn!#Akj&\\]\^L|S;\T7\n,8Լf~0\vn|\ѵppϱ!@+*\7)I\g\k\\n	@\ZLCm\0	d\\Z\\\֟sϼ\?ڗΏ<\	p/F\eM]\\k\#3\\߀K\+A\VCAI\\[b!n\0{Ls\;o2\\Ɵ.`OoSlAG\\n\"5<yfɋ>A\DS|y\.\񹦥󊢩SMAOj\Z\hK=AB\j\\2CY\t:%eK\w	=\Fc\\{\o\\F\k\h\\hֈQccp\r\\\	\;X\,iZ9G\H{\\x\\?\k\G\\0X\\Z7\ZA\\5Y\!!`|L;}t\\\Z@Ӓ\ZT\1&\:C@p-\EɰSEAf2u\\n\\r\\\\gΒo\"[݀ng`S\\$\og#Z\"8eLѸ\\sM\Q`.kG>\\Zc-\Z<K\`B| :8f{ݻߺE!\\>a<AVF\\m5\\\6ܦ¡5:1#ꆐ9TU$ ~(/d`cC\\"ZQsO:\Ux\\w\yH5Gfi\\E\?$:nmѯi1\\1nQ+Ҩ̦\X:DBv\'C?&*!P\7Q߿K{T:g<\3_\\YMwM\b}:%\x>x\Ka$8\"I\'ƈ$-!B\\n4\4~NL\h\\\.G;\n:ETIre$jF\:\nYm\1FFDrP*FID*OUFB\',g\-6b9ޔf<\k\(67\\e^aW]X\'*\1fs=ћ(\rJ\y\q\Dp\n\,h2i.>jS3lc\8\LiQFDI\\EW\n7\Qއa*02Z..z8\0\`}tQB\\rtΎ\\M\\\kܬb>2O#шj:\i&SbUNX	X\hE 9[\ZedEͲ\tc\\\8V\ NP\0+}=\rp\r\r\5J\@9\\dwo?\\\G\Z\\0\#\\\\e\x<FBjy8!\"v4e2thТ0Q%)/6պ6,\'f9Qe(P7\Y7P5D\\r1hLT\H\jfZaPz=h&\MT4Q\D1F\Dtf֚\.\\0IIه\	.@:!	,ˊO\FNc1}5)\\`C^ddyɲv {\a0\\+\\kz\\E͒>¼ar&\hD\E{3o4фt|X\w\2\0<|S6T\*L$(|N\4,Py\\9\!\x\ʐ\Ƣ\\\?H2xpL<<$\"\1Y]a$d\\ \n8\\\`@pQ>\n>z|tb	O#GlEH$-`@\\\'u.T\Pm=C¦V4e\,@\ZSd\bmfOJ)Ĥ@AB\\\\+ȹ3\\`\"\n\ZQ\!VbU\}Hc\0\0\\/!\\:\Y\V`c3裋!kķs\u\;4\\c\[(pQ<\V\m\\&ģ*\x\\%޻Ox:\GM\'g_KK\iFL8!i:uTX<G\Z\'S\"sIf\Y(t\TMiYE[efY[L4\AzngEOM\0$D\\S^@v\"uVНV\\\a/B\g&#\\%nB:N\yc˗\#e\0xZӄ0˺=S!\xmZ\CHZ.Zc2\\\\>K\\\_u\Wߥ\\\\C\\'\$\jns\ܹ<T\\Z#(\.\t\\QM\UO}2%(n\zT4(Z!D`>\'\qEuL\\"vumyc,\\$J\6|h\r&E\%겇\rݫ\>\u\\9^:\\`@n,EV\\\Ӿt~\\0O\Ͽ\\"\-Ey\\yAE\'%	R`\\yGn`:ާsmbbBl$t3t^z=a߁{6SL\4xq8h\{O)TO;R\Q_*\T$#^	:\{ik\1E\*Y*}bN()PB\\NRI\\Bz3*\j6&\\v\omrw@H\\yYeYшqri ߅e\0xXo\\4&SQ\(QD%\N)AKz\\4\3|nqC~\%ԅK\\\\0\\-\.MD+CLs3\K\p\ZW\|U#4\Z\G\\\'\\\GA\F%3!*1%Z,sZ]`\Z_+oeq1)\nS-\\]̬3\ǄdY\rrt\||HWP~\_{\\\d,ڗΏ<\	\#.I,K\rh\Qy\\]\\\[`\\xtY +d/=i\\>M߇S\gٖ(\\cR\	dbk\X\rAO\\JoT\@45\\\Y]ZsHRvaƠP1T\b1T <\;(\\'żE5@\\ײ\	P`nu\0ZѐmF=\ncztL<b\o\}@Sj7[5AM.:ϝ26(\@(Nlhep&stq\4W\G߾A6$L*K\\\2q_\\Aپ\8\m%SNPIX\#> M\\\*	\\0H\xJ^J\h\;\\"OHSu]KڝI\\OM\0\YhNA\\\\"<r3U\r\X$V+\\'(\"\\@K@\\˸~B\\\43\S\3\\!OY\zƀ\s1\6\/;b\0\0\hEnR\{o38\Z\@D.`=:\Ϣ\NCg\&bc\-+	8Qj>C75!4H)-o\\\8t\ăG,$;NZvz@ܺ\nv^<\"[\rY&-@+\c?	4|d>	\0J%\\0\ښ&\\&9CB\6\\.b\j\\.vaJ2\%~G, co\"=#,\3\\\\n7$[YAGO\\d\xhӀ\n\rZ\H|!h)rb,å]ߋ=ѣ\$\0\\\\-G$\\\\Z\(\ؖ,dX-\W\Z\\MH\\3\q%\8%:%:F\}\nc06C\%*ыYǆfԻAX\'0Q1n]?;\"+\n8\hB\o\L+TB\vNA\\)\\\\m\r0\ZKEúR :\\֢BYy\"Y{K\\,\\rGiI>-^M*\g1\\ۅ}yJ\Ny1),\d(JIDdJN\~e}n1O\\6xʕȠj(k\ݒLY\Z\#33eYe\0x4YM7Z\Z%zo53M(:\\Zqu\)f^SV\?\\\\Q!wc;o?~^j`틥*Dc@,d\EzHQ@kۭY\\\\\"\؂֤r\\O@=ë\\Gj\ɣ#ߗ@JE\\\\'\ǵ-\'!c\xR6\\z+o\GuJgN\Y]%\u0N\\"cD)]e:.\0?\\0\Z\\\s\ɘB-&vP+=1\}H\e䗘M>q\o\&uʣK\[\'e,ZN\\ɖP\P\g1ɈC%ߢ\\\'\\1\ł\\\uО\\\\I\r\Q\\bq\wGmVqry\Z \\T;oa.\L!i\\BSSǒ~f\v5t\tJpD\\Ye\0x\r\z\rJĹ\ȫzm\Qڠm^\`F/\\$xa\\\\mf_u\SRn\$l \\"JjB5\H@Vh(7R\n+\BU\\-E\^H۵}RGݟ668-:mJk[8\6-F$\(\P	Hr(Jesud~\\;0wlPv{X3A\nܢ:]B\"Lʮ-\2\0<\S[\\TN\*-<*TDJ*l\'\CyCf\\;\/):\\6\\=\"\K\0;s\5>@\,\.N;j\\cjj\]c}G*\cĢ\(hY\6oɽL\ݦRP!\eaFjyz\\\ڀ\yHME2<\\f(`m4\d2!WE6΍\F8j\\Z\2\0<E\F4\u$\!Z:ീ\\*O\\\Y\wƯQ\\u\J\_}quэb\~^(qH3E&\\.O\\GƨFO^\\r\z	8:qb$G<\ZЖuK-!W\y\s,<=\"\rM`\ٌB4b<ѶCGYFy\\XTf6ev\.V&y\\0^-n\QJՀ(\0?\\0\絨 AJ#Z\vD\r*X~Jۈѹz\\\a\jfˠ׶ЧN!1CU?\`\0`^\Zrq\=>ƤCm7\@h\yQZH+\~\!\	,3:\q,\Ǔ\މp|\ciH\Z(zr.LZi2\:\'R>w<Çd^쐏t+\g![[gr/\9ikD\\+\\O\\2\0<f\a\bJ:_XQ(tӵEͦo<?Ki\\\03x\\n\L\?9ǜ\h\r4$\'\y\I+\n\|+bL\n\\Ll?\\vc\\\?\n\nm9 QD\-@+\($9i,p2aa \i(\ZeU\\NY[j!D{1\\S\AN\"\Z?8HT\C\\1\c\\\"j12AX\'_\\% A3\'cbco*={5(Yi֡\\n\4\~\\s\_x{\E\\&R\\\:\Ec\\DZ\vw\Q!\B@Ch\\"(\}!>\\c|T$!\\X\0\`p\7Pa\V\Pd\b[8\'\0<\1\82t3wFSuz\cd2\"*E\\e>NJ!\Drg\\\z\"DfZGD\rh&e?}\\\3`\nԨzv\on|\3bGAi\eF\j8\\\\>=\gѧ`uFcg\\\EIP46@D6KiR?-~i8m\0hw\0ЦQN؃\\,z\"n\#m6;P@\8\W3t\@<2vm/I\Ou.z6\a8 \1v\TN\\&~6E7Lw%\Z\n\s=\\G\\0PG܏3@;$8gss\\"\\Qd[\;9\\\)\6q0#~&\DCV\\8n՜\\\n\0Y\\zݤ;aj\\KbiN^/\b\"J\\\\b\b\p,ǙOvŤ_yH\+pH\Z^BpPMq*\3۬	\\\n%*#\vpw\S*!ڌbk+y+a$:]\\\n7\bƚl\Mgk\.\2\0<!\n6U=U\"x\46\*2X%bAAT\cP\\%\Oa\\!z\*=:\(\S\\\j3!-tmڦF@El,\xN\-\'Ik 9\n\'=؝\smQ@=\"hL3[#ں@ǋH\C(?\hE!\Z\\/\\5V\\mt\\\zJ,\\\:E#s:h	IIb\\\\pHib ?\\0ТQ\V(\`\_k^9YȇҼBY0x틨g^9\r.{z%\nm3UdyN_7DPGGlR\r$ن$\GZ~Q)w\\UI\ڬ 1zD@>R:\\Q_< ]\#<\n!\32\i\\"#/d+\\__bhI}vw)UR	}Jx\Z\{\\\\dzx\0\UTQh5\#%~G,\)A4^AP\\rZ{	\C\7EL2a\jz\ÿ,Jw\ 9\\D\(dd&\v<&\3ox7\'6InULE\CR^\kœM\Cl	H(>&sH\Z\cP\Ƣ\EhE\\)L`\u\,\0ᅗ]\"BF0\յ\Ce\!\!bɶ0\=H\c+ơu\);e\r\b\0^\'L)\Pn/ \b\HC\G>0}u4Fm\"WCis\Z	p\"\F\\!\J\\\5x4>\C[|lu{._\u=\!)\0Ĉurߟhi\ƀ5\fX\r0YF\\gY%\dDDnnLQI{x\\Z\\+أ#L(4\\aVdF\p\\6\\x\[r1eF5(jg\\0~\	!F!V\(\\\`3p ȴGX+\rAW\a\\\\0O[iW`E9ZkJl\-@\&Ðѱ9\\n\G\\4\\|DԄ\#\[@1KZn\0\"阠u;\\(yZ_A/\{?u\"tMAnsLL\$֠X~\%\gOS[*ݿy-o3\\\02f\Oazn2\Z\\=j梙\\%۱\0O\h\s\hr3\᥋T\\}\nKbfy\\%Dct\BLiq2$\Jp? {X1(UQh\m)1\'D|ac\\\O!\ J\f\n\jmD\'J[ͱyֶʆ$if\X\Kȳ\S\]L 	v3\GU3\I85\4\ϽLn5Wf\$,*uUΞJ©\δ!bV`?\\0PΫRA*\!`\\u\r\Q\_w@v\'76(D\nQS\N¼,\1\H\Ea(?!\\\\J7n\4\mHj1iƒ\Vs\\'jĤ\ZUğE`B2ik\"ך\\XcdšmWC\+Pcd2&\n,چ_\\EDcz\\@=\mu)ё,8zN\ɉY?\"޾K5Yuڐm\\A\,=\\0\\k\ʣ1*8;w)wwWS߼E\TWR_ӗ\;=\\@)`v\\R^z\\`frjt\`\ʳ\\o\\\\\U@2\r\`bDk~\" \r,!Dx\ZiPi\0ڒ^[fY\\Ɉ\\k\0\[\\h\r\!\^bFm:RґHwwt}j\n\Z\",\oݢTӣ=ޡt	eN~j \\\\{ڗ̏\	\]l4>۪\p.yhw}\_\0˗!<O>Iv:z:\|\#\fQc<D\\\a]\#H(2g_Ģ\ׯ%o2\">\\rL4bE\\AVP\\&c7o\\\\"H@\B#y.\\A#\03^x\՗N~\7\\ShŤ[\+/2:Me\\UL\@}7\}\\JZЋVhw1\Ӌ,ћFm`;fR|\L\\.=\\0Hl;b.3s|tB\0޷\\O3_\"n\\fwn\\rXv\5Գ 9s\iZ{FJccdP\\\2v;(7\';w\gg%{\E\[)c#Q4b\0e4\]x\\\g:=\YA@\Ttw9~\=\Z\XY\\V֩\0ڍPܼ\,s (_zjcx\"%3\\nS\\Z\ˌMҐGJӕH}\\mJYtlEHF0D\PL[CM,r\\Ȥ\5젭A\W\	!^>$?@U\Ӯ-i\dJK\%\6N#6(Ϝ9}y7Ͳ+ɔ\\Ƀ\\\\r\٥=\n\o_x|\"-.蔤\0τE\+/@\\g]bCk\\\\u2\9MPH\CM6\Z1CbA4[\AģTd\\"͕k\\]\\ϐ}\9\^2xmȉ1Y\ʀ\)\1\a:,לV\+\\;h#\Vt)	DX\'DWXt0*M\"6\8M\jF\Z-\ϣD\3qJq1bBG՞A=?\\ѷ>pb~\u爽(EL\YLUd4J2E%0\	\^xSp\\,A19	u\uCR\\S4+\r#Z)JC7~m\wAi6\^~9\tS\PG\\>`z4d\|m/L\De֚~\\\\n`IcZ\r;Dh	O:![khs\\\QO\1^\i_2?X\'R\J{0IK\\Īg\TfP;ޥ>s\\\Ac y46\\Hw:½U\+_a\.c\_\\#_iRXe3?m<H\V4\\\\\/ʤ\}#*G\k\	\\}\[;;\;\t\/`{C]HyGj\\0wos;(Ag\g\	N\C<\Zs\GPX̋NƑcH\IhMN$w\*\(\S\\zxT-[ Q\\\\Zvc\xB\dv֕(	\0Oe\0xB#\Z\{\\"JFt>%\g.[\=sf;Iw<r$Yo\l\\½U\)C\\G\UXQS\ާc\\\Q~\\_db\nBPh	 ^dįA)\{\LF\̹mjCh,NyF\\|\xB$5\\׉93?\g6aF^kx<wg\k\M`Pո?\L\DAG,yH$*ɒ9Id\ېui\P\p\uw,BKP\n\A\Ƀ\ZI\o\\]E^\"\nS8=@<\|\+#\):3-ƫ]\Z!\o\\\i\p|\Sd_\"GkpaC*P\Hy>_md͜\np\>\iԂ9OW\9\ܺEZ	&x&WR_F\4\\yt(#?M\\'zF\{Gv\\\2Iy\-T\\M鯢\\:!BV\S8Գ*	f\`kA\I\0Oe t+\\U,\:\\	\%Y\\\\"~V\\{uS4=\+\F\xd\z\<vgltlk-\>_#|\M:UE5&/4S\ߣ\@	*%ғy\C\\\\jk[t>\SF|*T^\3\]ڢ\q*\L&\|\$ҠT\\\%\i6b[#\0Ig4z}2_%7ZGP 9nJܳ\10=\\[I\\)\\\\'!5\n\\;]\λ .,\0Oe\0xB\ص5Uy=\zص-O\=͹u\~\[o`\Y;\\\4gDRbRw:G\\m4`>/W>\-䭷\\\\Sg\\\SIEB׉<M\בkW\Ċ\rb\\QI	ش2\])\\0\\\Y\htP\1\nBK\bpy	/\\\/A	zxT\\1Ъcp3\\\nթS.rv\]$a\)DD\Z\q\z,cH\"P-\0Or\h\XO\\ze(	\]&ƈ\nn_%|Q\\\Kۗac \Z#\\Z#\h֛pVRYG\'Iل\ͯ\.DE1\L\]sҫL,Ɋ+IAX	εc]G{A484\/`>I1\n\8VFM\\}41)H *i\rJ\"ɉH\4\\Ν	U\0-ɔ\"{G}*N]PO\hmLJV\\-51NF7&\ϣ\^D\\j$=	\	\\r\n\@7_y\\א^1ܤ~\\r\\w0\\.\\3 (in=jMjߧ\<14t$:\B$0G\/_sH|UjcH\"\Z<Q~?[w	DiPA\]`\s_b4ܢƣԂXu	_\(yRA4t\+ic+KI՗\J\ \j\n\YE\\	V	Q+j\Y{y+T\=z\Q\\cC\\ttϟ\4z<\\tP\L\^/loMfO2\0<!$D\r!\\nޤ\X%\\'\p\^\!J\8\\\6V	v\%j\\[ߤ7\#kk&@$4Za\\d\.~F7b\\'v\\5\\\\oK4\.\i/7<Fz1b\\\%\a\\S\r(h\\CVIU,hb6\;7oQ\@@3/z\\^\"\kLVdѓߺ\\\س\\\@t8ePam5>\aC\`nQEu%ϖ`9/-.R\TMNԱ\_AƷqu[o38\#&Ԗ\&\'zBT\37o½2G-l,EZ\kp6G<\/\?FK\.Q8r ^\\5\$닠\Jg/ȸ8Qʋ\\&r|@ԁ=|kF*LJ<\\ۨQ\\\^xi2/ZӝV\?\\&]\"4̧^a2Ċb\\\\LP+L\\9b^by\\\\S;\ntPQ&\/YlTz,\\\"f\\\:K	\3!c5\@P\TF\\\	*\t\ׯS\GM{&\$-<z\E%g\'JH.\:3qt\\dnjDPQ\U}u\?˼\%8\\\n\\\L-d1jT8HuP%i<1A+/H5Z\Lt$SD\\\\\".uF\Ƽ\"a/Q9{P&f\Z[\14*AАMg\yXcP^\\#ZL?_\_\n>	\"ӖB)JUZT0Q1Db\0(݊\\n*\4\^\\'ɂ\+\Jl߅I1y\\K˗:-J<y0D2\C\\\\'jG@0Qh0\\\ƯB\`d\O74ݷoK\DVh+5TV(xiGWg\\(\\x%U#莎~!cUJ\\-\\ӬE\FO}(	hј*2f#\R9\hC\jJ\ \u}@:%Ψ(Z\֐,ϟ%ceȳk\<h\n^h:Mɶ=6b@\3l5\zMLh<\"I	G\\ư\_!{3t\TN\B1B#\\Zm(GG4_-䣏(\E<UFE3_fv\"\i\'PzX\\5F\:z:EtDb\뒿\Z/ЙO\\שgU\P19\\'g] bT:4JcPB]\\bIyG\+\\\n2\"\՛\UV\n\\!Pg\J׎\\>RׄaA^tU,\QFT\v)\2\0<	BtF(\EmckZ~%5\HQGt]@M\7XCӎ@079\gN\_\_d|\,sS\`J}\4\w\D\z\Qy\#\\\_~YlHu&\=d\7\*sOB\Ϟcw\xL($\nߥx9\kkm\@\i\\`qׯSDd˗/\:(\@|\;\\\5BUgs\\m\p\0u<B\\I\d%\dĺ!GcZk\/P.k\0Oe⫄[ǲ\'A/4ehH&,\nP\\\̦Ap\\;w\\SPAC\"\4/\\i^|i\\N*qNq\#\\Z\xLFkEΨW`>:ŧ?\a\?\Ӏ\̦̾\r⵫t|:\We\k\_\"\vp\}\\\&\oGS9\\HpFkgSZ!]$^\\GG!%ll_z\\%\"ڳZ\p7n\z\\l\\!\>W9F\\0\Z\_eAj\n\r\Kw\yڗ̏\	1Q3\4\gAD\83BAE!\\r7oK/2WцS\\\i?|\\ԙ\\\\E\Ϣ^fmFJT\\R\\ӯ}\=*@ЯF\\p#8m	\;4\A\ȧ?K_\"/K\c\\(\jB𛛔/@wXX(!GGݸ\r.\n.\6\\%R1{G\\C@t (CI\v\kĵD7n\Z\>!z\\tT\\n·Ln\\0(\׈`\~\=(MT.b,B\HvG7ɷV\1;s9}`W\Tn4Gu>1\\gpfqAZ:\\5ާ\Z\$/F~)hlY8e\nԍ[=\0\a\_#\+ȗ~\#\\_\'/O!b\\"M\\Z\H$ܺ>:Di\\nt\\KN44\B\=}5s\ш\=5	(Lw\eiH\\`Ec\\I\0O\\\\e\!d\۸{\\#Ҡ}Kd!\Z=S]fc\O:f\Ξ\\F8)\\\{\\\UlV-3z3UDB\{\^\Z\\$\ZP\G_m\\}<\\>\/|3\e[_!\;HFJ0*\Ho\{\E&\!i	V+ф\UJ\ t?X%\$Wu$Θ\\\`	\\\&\`z\\\O\*=q:Ô\\xBЈ_\5.\0O\'+؄\d4mV\\<wf|ڑ\4\d!G\鈣oJ5?\?EP\\4E \,`\Ƈ\ov\\1\\"vV]\񌞷8\a}S/\\ҤW\zE\d\<ŗL\O#%{\=ƿGPB!&7 2am!\'*1yFD{\\45bϞe֝\S@61c$E[bϜF\ك]\\:?@(gvxCN3#UV,u\\nY\'\2\0<!\\$H\c<A\̿\PΧ1e\\Q2Ug_\<\K\\lC݇Wo\H\\E$\uݡ\\{U\BQ\"\O0\ᢀiY2yW9\mLQ\?A/b/?G5\{o\@\=@T\S\:J\\>\\f\4 D˃tgs\\ob:\\3$C.DV\\r|1Y\rV\9K=:`>\\\8c\Zwx\c\ސݫGIE򞪣\|B,\\\g\4J\Ձ;\\\\v^\HHN@\nҘyd\1\\\\\ohJ2\j>\r$\d1iz=&(7\\?<B3S	B4^\'U]#,\nU\\.\{fy\\y]\-&_\Z\h\IG\\"\\\g	x\'N6h\n$b5d{X4^nC\-\3F－y\"x4\fp;d;Rc\6EUvsdL0B\\tRϙ\\Sۣ|_?1\	I`Z(X\\fF}eg\\O\\\8G۸[7\cXㅠBb\Z `[\'s\":\}\x\>K\z7JAW:\eD\5\nt\Z2\K\(8ا\os\QL\\Ѡ\\0FEDr\\'|M\H \\\SD\n\fi/(\Z5\Zw0b7o\W>B\%B\\@\yT\Md+\ZW;\\*\ӧ_T5&\:<&\Z!,b\0%\D\hBQ\\>d~\.\\?O~4ս{+\\\\r\\@\0~!ֆT\X(\"5ޣz\{tN_\EH\\UtⳌnj*t4:uM\\=F\\\6c$]Z+\Z/\ \z\"&>&V\@10\y@J<)6\3\t0JX\?`\רnߡLty\'\\\@9\\a;P)ͳ4!yit4\\n\.az\;\LtfY>1\	i\\\Q^r(O&P=I}\,\\\k\\\\\r\\+\;Wq\\Y$5J\h\\^BFMi\nt\\\\ab\\\?C2M\P\#̍\e\\\!\^dW	d\6\IJ+\\\gw>d7hn\\\+2\Q\_YF\\9\\^>D>\(\\\xh\\mQ2\7o\kە>\\пtoܤ(\U\*bu\/|N\\\\Ɉ\\ѩ	\ϫ&xYf\0Oe\0\@+0:R!\2*y\\V#\\\T7\\\\dx	{\4\s_ļ)\\!\=h\&\GOM1מ\_{\\JG\\m?\\<\&Roݦv&GxE(\nw\1{\m8\OM*1\jw\(\nqاxfJ\\՚s((H\"qg;`Px,Y\:\ZS}\[\\\nl+:\ȟ\e\;ģ))4`h\gh߹K\&c\V\&,X\\rB)\",\\nPA\\\]ܻ׾?w	\\苗\\)\\|\{wnޡ\?@ͦh7GKC\sww\КwE t?\Z3\o1\3/3\dT\cFs\]W?Ľ}r?V$6-\0ۖ\"h\Z\'I\;\0 c\W4;NPJ\rMg\\|\\\w\\rtq:\"JcuNc:p\\"\\\C[|cD&(MLӅ\\{6uXh%JjT\R\I\0+\2LېrRQȣ\'5q<g>GgΣ^ysy\\~e\Zn\>#L&\\.<K}q\0?\"n\r\rZ	WhDC\GiAט\gN\0`D{Hb\n\'0|Q)B4\,n^)5\/\5i<Q(\rj6a~4f &Qg\g4\\rl-\m#3w\Zf<\r\C%\Q\1\)\r((h%8\\Z0?\\\\\0J4\I;\'\4\\7>s\_\/SW!M\\5\s\\\ns<\\\\߻N{x\\X\:DlH\wQ$%\n+8~@3z@\ A\\\\Z,\h*B(\"&%\k.^Do\'+HN+M6x\k׉U\w!\n\\n\\7ש\\F%yV\1xO\\ZFW\Q^{Ѧ=2ģK?ٸ/,\I\\\It$\0P\><}؞&&JZ\\\\\oS\~}W\pA#33 /W\6\!/q_ܥs\͛\Ȏе\JJƛ hN\\\:\{hK\ωûo\92+FTT$5\\bpFY\j\ZY\^\#\r\OE[BAmYrɥ\ZT5WV\2\<\{#\\\97\ˬ,;\"Z2q#\m\B\\\\\J\\\s\\gE1*\ \!x\nsstG\,\b\E \Ri\#3(\g\"b\w:4\_<Zh\0dRܙ\4&TsyF,A0<Jw}O0>}\}\r]wSt;qpV\.d\QBw@?O\I\VK\(_z\\ɶ\rg\-Oi.\E\\TO;nR*6K\\"-7\~	\9|\'\Ni:,\śo$\0\n?\?\˂Sxoh(\r1\\\\S\\+yf0rBw<\90aÁ?o\qjPT\&\,;%Ҿ3K\\F\'|u\\g\\<0=\P2rݰ\#\\#[W3g)~/`˗\Ft5D=@\fiN3K\Br)QJ\ha(q\ވ>Q\M&!KA\gf\lCO4H\4e\[\&,ʧ8{27\Z\_]E8\\<%|X\G-\'\\ҿ6\+\\\zz_,ZG$\{Z&7Q3\7o4\p`D\<\\y+W\s\\\񯻟\'2`8? n\\0s\=.]b\Slz\\M\nʨ\[dtJA]LNb\Z4\!\@-wdg$!RɄ8vRM\\\UK0K\7\ｗ~\c/\3/\\r+\S\\BȔ_\+85\n2(-\?	lm3\\lבufnmrӠ5\0{@ZA~\Z\Y\iHÒv\S%(}ѕe;2x\k(yDJY839D]0\a%c0G>\#\(_\0\\ϰ\)\\y\&Y\p84Iw\b	\XE#J@ַQ3B&8I(I\\\9f|#[\LWKȄ;\r\\{\96;Eo{\'G<;q(?G\G\2ƉcD#\LN77R\L\v\^fͦ\\\0\\,\0\\@_\\=$ U\"L\D`D15<_*	ȕ3l\_¯m\?\/\>1\\<j\z4g2\vɏ\Fv\\\G<\\g:&\nJ\+f}a\Adr\Z\J\$|\ZB\V\rw\\28r9x7\J_f\ѧ讯#.Nrpq<xq dˈ\\L	\Z\_wY+qY+\X\'c!`:\\\}7Ni\\Z= f]!03Dh\\5T!H5ĥpAc>8\0\ז\\'?dPR$%\,Ҍcdư\O\Fvh\\[\~1O=\\\&%E\K(\	*4a\BIy\mYåB<ɱ}\\a\Z\\Y\ <0.\t\\\&NbQPIQd9a\GFnp3x\>|\\\Y<{z]\l|`0\\Ek\0\0\2)+`jhʈŅlk\\\/2\~\b\\da\8u\:)\n?GX[ h\\%\\=\\\+\rpX(\nj3K~\8p\S\<Y\\!끮HJ\)啌I6C\\\\r\g\g9|\|2J\P;g\6ۧe\\g\\ !F&\ \\J\\x\[\\\\s9\\\Y\mϊ|~\\nrӠ5\0{@\\XμYinҏ\\\'\'PEΤ*\"iH\](`0\\e\_G\\]\tt\@}Y\\\lm@\\` \\\^stO <Ǟ\\\\\\>ʅ`q893%x3\d\\w\AFGEN&Y\\\Z\0\\p3Θ\r%3~\\{_\\\E\rNbda\\\\\Rc{4\o\ ;#,\82;KIЏ\;;݃G8zUn\Z`p\"i_*ȫ\\0\E6Qq(\ǈAW\\X̯18z\'nc\\g\zq\9\\5t<\C\dn\\\8\\#\\#\\\\)ow[Oasd%@)1ͱD$J?zbϞe\\;\N\\1F\\"\\\,oZLz\YZxe\_|	Y]f6M>\\pO\bT2D8x1\\\\\^z&\\clzC9$ʭu\[~\\"\v\ۮ\l\\Z=\!Y\L\Pp\MjW̬ \Ad\4z\\1&#Z\\C\p\a\Ȭw\\'>\\R:\`y	;撜V>XC]\v\xvw\c߉?tp\\\\\\#=(\b\\W)  (\Uc+lm1\w\žYv8([~{\U/~nmL\d+gf@(|\PÎ\\DϝFA\踠\\e8\\r\\2{o\B/<y\0\nd%v\\\nckvbn\̬n\!\B\\"H@\dPc̔\d6B䡃Wk\lxI\U\\-\&\Ob83O8twIz\'\\b\A.ױW^!\1󒔇\\\c^K\EWW\Ϣsؠ%6a{c%\\}Tq\^SR:Eő齽\\\'\:bc\\l\!;\\S\RF(iَ\ZF(\Tݯ\kU\\}1Pt;d\z3<@\^g\g\'l*\\n\\BQ\Y\\,>\C\З\p\\iQYl\\ToT7]ّ)ȊeFˌ_y?\\[\~\\\\\\:\h\0\\"Abf BYbK\\$?#dd \A=	େadM)sn;n3\n:\\\Qtg)}pX\\\Ȩ\" .^!c\"ENū5\0{Qd9\k@a\܂\y:~\\f\.9\c6\-ÕSR^i^yR\İA](I\$IJ<\ZxJI7yP\\U\W.|\\g\auROF)꺌p\mH\ͤ[\4Ӂ}zD\BuBi]\눑\\x\\\.a˗\\\\\\l8\\0\l\ E\"A	!`\U~ ;8W\oh\r^\\fY\\ݿ\\-}~\g\ex\<;}\\AFW.㖮\\\W*N=3lL\R\PĂΉw\5Ct\̓9ȋ\Wؼt೨\S3+c\\n&Z3FhÎu\5\Y\'V7,L\9X\\\"G2;\a\K\cÇqn[\\s\\ˮ$\n(F \0l\\\0\\\\LU+\Iq\We\r.:\f|G30ct\i\V#[O?\\\{\\&Ź_8\\g\o,\Q\\P\p\AB\ tAF\\؋\x\Z!XzHMFyS\mnSG$&!hE։U\|\L`Q\Tbrì@xT\"\28>L\\Afgg霻@(^s0E\py	9\8\Έ\^\\Y֟y\\n Q@p=&285m}5\0{s..|*}\0Ƅ0\'\!ň\O\}\\˯P\\rȊ}h$\<+\=r\!\ |\Wȶ㣇Ea\'I\K\"EC4ۛST-]\\\=\0\u	\}LzT\\\\\(@ě\px¾wp\ᇸ\\0J֞|\n\˱|x\qy\-Y>˟}\\FW\\r$B\Tۙ\0{Bk\0#Ď>M4Aj\yB\\NP\̯0x\\q;\\\c\I\\\˄{\8Y{\	\"m\8\/|{9\`\0[\#lg\\!h\0)TQi\bF@K\Y\M\Q9;\1\g<\\鎕\\r\n܀*]+KWX\\}3>D8~;\e\_x\VnR\\=8\\oQ\\0\\\\Ϥt5$\\'uR\1w-6>l\\Hv\\t\\<G>\\@ҙ\9qϽ\,(νD\!AoێS\\'s\|\\{\e\\\E6O=Gv,cק\\\\!\2;1bx&\\\(-0s	\\K\cwy[\0W?(\\qVx\(.]X^\0\ZSjj\s\1W>yv#A\9c\'6b*xaB\)V6.U\ZNYoF\\_ZH\!, .%\\Ջb̬H]}\0>\BW\\Ks/G1\rU\b\\@o}K\s\K+QTD4j\r\\\\\n6μ\\1wVzYm\^:\\l=4_4~\\\\W^f\ϑ\}\VBQ\gUDJB\~-\\nGF+g\Kb\\\m\	?\".M/VFbx8\8\:\\6Xq|^PG\|EJBR6JIIIyԍO\\\\Bk\0\0\i6:IƄ\?!\WyA3^	\)L\\h\̝=\pV\\:\\\n;N\Xį\\O#}d/\%\\\08\+\0\\r\q+\ع\\F\O^2t9\~\'\c\Y\=l-]M\B\RN\&\R\\R\t\\h\x{\\6Ϟ4Gq\⊓\J%VU]\\\J)÷$^\\Z=RYI\\'d*-\\v#޾fi\#u¥a=rB\Fl\/p\\\;\aD%)G\\\nؐ\\\\\\gt\0clSp2Z%y\(wǟeG2u\\J\ӻlw\\\\\?y\\\`	gNc\|\\\?B\\t\\\&\\k\Z?,?\\F[@\$G\9\n\MDJjz[QO!1\̶<lO\^\\Z=D\\`\\%}\0t\rp:!X\\Sg	t4 fz\\H\6SeA`̜\\V\\XtNlaq\'\\R\P񄬋C֞xٻoe\\!2lg;v\;~\\\)Ǐ\w3zw\\\e\2rf>D\r\n6Kd\RP \+J5\\D$\\\6-dkENة\P\\}\Th\rPe_ǖ7ߘc,\f4xbl\+]A\ӌ|N䄋ˬ}#A\y\(.^\m\\J\\/[0-\SOac\_`x\4\lt,\\܀\\\rsg+Kfein\0\\\\\\"\\\\WW.\/cŠffE\]\'\"lJQa(XIX\04T\ZTDd\0\t \\[z/h=\Q./*\_	Z\0S\	vmeu\1\"\e6F,\5-\BFV0\g\\\\cs3A:\._\K\S_`\\9(%\۸Jӌ;\-.\)|Neϒ-0\;{\SdB(6-\?I\AаyzIT,\r\v\2\4z8L<F*\\@\o(~3)FRS\\g+\0ՠ\\D#\\Gk\0\ωTb\N2\4vg-:aV\k\\q\'4L#G\%\'8A|8\1z$+s]Ls\/\\Ye#e\\?>$:ޤ_e\j\p,gf]=\0:rgLKppt@y\\\\"/B\|2|&\-6EdV.@3!q}\\\\,_o?B(i\h\Zh\r༇?\@\{2aAZ\JD5[\4\nPtjxc5\vS!D2d($\pF\\jx \'[\+{=\-ʋ\(B7\\:}5J_RHj\u2|M}\0Nb\ZdƑiIM\/%J\\ZL\ԕ\H5dRm13*qd\LAĩ!\#\.5\0{c\\\̢H?1*ZOНLԡI\\ަ\\\wH6J\0E\yx\n^A\Qf4\m(y \(OM\~K\"\\XA\\"\[\'qF\H\\\'iqI\04!$Y/\j\LHg8$\\Z\\\r\ըT,a\@74\[NP}\\\h\\0/щ\\Piɵd\Z{U82ػB\0eޝ	%_X\F}=\	T\6u +bp\5gLvժ k.K|Lw \5\Zsu\x0\\\ʣX㐉B>!\0\0%IDAT@Cc~\=\u;76\z\0{u֛H\h\\\\rR^+rsWS\";yMN*\\n3=9\z\5>},QX\2i\qkT0\Ǜ?M\h\|i㸖<@$\Z%ՠc\\\\X\09SUJzS}\Z~۫.\\n\r\\Q\2\}\\BNRNjD}\9LF\"NUݒgE\OJĢt\txTn4`ʿ:\]R\;t\\omrS5\0{@FF\Ԃ\^|҈+Xk\b\\M]-x\=\\\D\\נщ1}\\\kc\\uq\\&q\-b&B\|L2P\\\Z,!hst\"̒N\\E`\{;vo\nmW9\\\`\n\\%R-\U2\\!\W(i\f5\\\4U?\:°\\H\܇\ޢj2w\;\Z4}\\80\"P8qحKLP\M{6ת\ԬF\|\q\5lu*ն/\(7\\9R?4\o\XkNX=<l\ǫ5\\xV\\DZ\;~\\\/\\\N{\;u\"i]\\6\ӻ\\w\=fB\Z!\\\5#\4a\ݟP<\۶\\Ĭ\'^ 2\\Ԛլ嗨Zyaxcذ#\\5\5Z2\ʿ\\z\0{zWu5U!v]I\\Eh74,\$\'d\Tʰ4\\\ZL\i\\"\\M\\S/MVs\>q\ZT?BW\\n`_\\5U\PMb\dr]\6 $ZLv\\\n\reB\iA\\0\Ӊ\:)3\j5&T\]I=v?\xn\{خ\\_3l\{\|mCF\r.\\9\N\\\r9\&L\IuyN6\(0Ip\	\I\"S!Yֶ\\2 y1\\[3~Ս\\0\Y\MO`\=>\\\\!kaWr\1wy)\\tx \ \\[\'i^\\ U\\TRr&O}Wy<y\\\0\\0\!\\\TS*:0=]_\'\'@\O e62vq\C\H؝\\dX\K>%~\nx\J_]aϔg09\z\oS-ɢi\ \'~=\vFYk\06	!U5\!ެjiVϤ/ĺ	\]\{B\1\]OMcB\\ZP\S\\U\\n$\׸&UKDG5^W	\\o\'\\&ϧft(u\p\o\G\ZО\z\0{\e1z\'kd@}\F4w?\ǪW7wf\\\>\\OG^\\_\H5@ui\z:#\Z\r\rb\\~\*puhAN\\5\Zq\\+\\\{E\\3bFU/zWmE&Cm[/dqu\X=m\0.]U\36m&ؔH\0\ݸz\Ė\J\ìi0״|x\Z\"jZ,8\M \0Q\2X\L5\0{A*1\$.G5b\\E\i`l\x\h\/0v}~Lc*\M8Ʈc굒Os\'\|@m\\\\j*BI֏\0CU\'!\\)hP\h|\V%H\sX%jAӴPSA\v\Xyko\\\)\\\,Y\#t`B%&jVvBuiqjI52Z\,n+F\t\P95\\}:IjEa\\\,yq\gI!K\8x4&3\7مP[WA\@&`\bn\`\Fz\Z{\Ŗg\'YQia\;\#X\7>yw)\Wy3\_3\ec/\\Ǔuu\"J\1%Yħ\I⯊G0\lu\J\\-M][\3Z|0\(34@@]\"\.kb\mdӧk\\\LfF	Z\ӵ\Zu\%a\\Zb\Z\"\߹\qs-\rο\\U\gER֠N(\Q\'\\\zݖW!\\V|ym,47ǛPkTJ8S\"\"W^H__\x4|״-<աUGDzoA\L,g\n\q^\0\B8F\L=է[j\M\&UVR3$\\\ѷ,\o-rӡ\0G+nM=>\\ᩅ+s\-mf\w\v{\c\UuiM16\\nlet0^\\L.\\'>sw\G\\'\ˎhV\0R~\yq1\W%!yU\eO2jMLF\\"7Z`\\x::]b\ZM6NH5Jq\	WEN;\\<\\7\t5bxtN\\\U\U\Ԟs>\MB3\L|	k~KH\\jM\\U\n\\\3ZG8Q\r\.\\\p}U`\\\\W/\I٫=(S&b\U*Ju4<8\8ѝT	δ]e\0ܵeu=&}gu\{O~$uN\3qV$\\0\.\tZ4\4Maj,i6#\~ې@eS\\Z\gѮ5&:0	\r&\)qfL\\$/P	Z-1^g%+Vjg\	s\Z\1a\&\\\kT9=B\B\\\(\r[]\Ր`N\]VeΦiu_|FcPc]ڮ|7&M\jcTW\Z}Z\U͑\*o4I\Κǧ60N\\\\\\p\>kӪ\\'u\:	>\\\k\ L}O\"̅P\ݟե}{\th\ra\Z\OŊO\\U!$u~\\\"H}SWL\\Z{z1\_Mf\n^\\T-^$\Q\u21*\:{\fm\\\'ʔQ\r&D;K*ՉLiͫ7̬By\w/\b6\+\aΕ\"n(x[\\s\\AmW>q\@ӟʌS\\\\5Ե\'\\~JY2!\[i\\n]ӟSI7\#L\5x/\\Ƃ\3糶`h==\\\0\\/jH\\"\&%4K3x\U|_\C\\\;Nvهi\0Ȅ0!\ZՍ>\\\\CÚaM\'搐\\q2]MQtVp\\*X\V\\#b\椞n\id\e\\\۵\j\ߙz\u\\O\\Р\n5 \ߕ\/\\_HU\Rk\"5>I\Z\rAJ$\\jſOOi.Rkj0Mg\Z\b/h\r\ģYwXI;?\Cb\Y݅f\|Vs]<\d|\t\r5\\7\0Y:be&M:\稚|\Zi7.8\c4\4	NGF8\\k\SZh6K}\G\VBY(o\qӡ\r\2+Hrmk\NvkzS\:\Z_7\fA\\\\iDUSΤGF\\$L\w\]UʃԬΟj\e\@B(\l\\\3ZGt{\[΄\eQZ\)L\	׋\|\GS\\\\<D}0}̆\4TM\'\\FrZ!\'^7Uȇ\]Ũ\EMáJἯ\2==Z,W\M!\\ܐ{\fFk\0\\r}EϢ\6!P6\Z\\,LZZCa)CRb\YL\U\$\\dNj\s@P/\Zh)\RV,\U\\W8?\\JS5RD\3EZ\wYڦ{\l[\\Ak\0\\:w\M\\b+\b]b\$	\K6\,\0Jr(\01N IaF3\5X+pch\t؛w\L\0Lbu؟\ \>uJRS\rD\LZk>\n}$TUE|!\\x+8\"%f:s\\\~7?so\#\\߽Tfyޮ\-7)E\ϫ\S\N\nz\Ww\r6juF\\]\&\P<q\\2@\\\\&hwƼ]ſV\\((.hx\\]\fg\\\\Ck\0-XX \z\*3G\g糨\\f\\2)1!Tv|f\7U\Zγ\Vai3Qn9ŷJ5ZI|\GMJ\'\\B^i\n$՟Rco8</(3&\P2P/7\T\'HL)\\%(\v5\0{ā\߉e93\\[\;K1E\\\_U	!L42\Z\kL\\\!	ĿȰh0\ԜL\\\ rl\c\r\\Dը\k+\C\$ bd\ZF\E# ZIkWÆWFu\R\>\o\\ϾF\7Z%`\\G\\\\E\Cid\Zw{vsb\'8Urk\f2\\\o>@$\Wg\j\\Z>\tֽ{K\'\\\\|\\qXF\\\\\o\/P>\(sK\rK9,)˲&5)Ú\b\\Jqn\4\\o\?\\\\Dk\0;\pV\k\Rџ\`f#8W\\Tߞ$\*e\)>a\ה\W	\vbߑ*߀Fnf\O\\\\!4Jw\Mx\\\4Ñ\)tn\\B\}Rs$޹ɐp\u:!Ptr\^\da\tv>xop\_\}/\\hާ\;\kj\[WxJ5s^U}\5ŹaHG\{L-pص\g\\LMM?\vG13G!]\\­\	:D\<\Zb>\"wQ\n_Ikh2\%ú\\\a3o}[ܔh\r_\\\\_\Izeu.\\4e\BW?\+<iPy\r!w\q\@U$\<愐irJGpt\\u>\Q\(;eޡ\ss\=\\\>\߈\ɳ.s̌`n$P+9TrtJ-wxN\|\n<\\\\0\\{ރo\o~om/\\f\G\\F\?!ۛcv4\a\\\'<#0W5\x\\0I\F*`I/\\ZjMÝ\Zf!9U\\4#\nE\'g\\l(\\JX8\\ƣX\w\hc\"=\\;ٺ\pT0X8@YnC#\'\\\쀱(ݻ\$_ڀ\\\\Z\\\֮\\aN(%R(JFW??0\;a\\Vgv\C\\ϯ\-ѳn\pӢ5\0_\"Dg~\\\_\?\n@=c<\\wB\\-&\*\[\u¯\\\\Z\gI5/\t\Fx\C=\0\;~QQ^\\\a}r^\\bֶ ~\\\\8\y\\2\\m\1 0:w{bDggL\%\V\ZĨئ\6\1^#G,་?q8w\@p\\(F3ݳ6?\\{\\]Z\_\/\\\\Ek\0~ؿp\_\\?^9\\mV?\kA1S^\\\{$b\С\گPpd	W?*QtB7?@\\\c/p\=\\eLSp\\\?$r\VvUa t\\\8\\\%d}H\\g,:\R(\"`+k\\svμ^\\3l|\\r\ǝt:9+&ll\DڴfE\\A!(\\(:+:?\\mx\\c\\_~\rnj\w_lԏĉ\|\ol̏\\\6	e\G>kն\>aw_%1\WLfA3\\\'8ح\\r\\\h\<Bwlkra\\(\\I3\2Ǧe\\U\V6\\̲vres␑~\\aVW7Ɏ`A\\7Y\6ÇȜ~K3CPE\\"/!\0\u\}Ȏӧo9U\}\\h\r\s\\\\S3?\\Ϻu\C\=[~\2FKI%}\;\3\\\0\:\Eo0<y/!/-\n+_\.\\g\W)\n%z\<~,\\:.\(Y/ +\v\nï\.\;NR\	Kge\͓\;HX\"bJk!\"4\Wvп.\c\\n\L\GѷM}\˄?>G\\7\\}Kp?ZM&-v\®\_\DM3rSb1;\"\n\)PGl;G;\F\5N@C\)w(\\;p_C&x-)\n>%#9te7߅\̓op\n;v\k\ܿ\\&66:Y\GY~y\/</K\ZJis#@QBP6\X\\\ܿ\ף3\oeӿؿѿ\TL/<໿#ԙo\\\=9*u_\;T||\8ic\`ui\";\\L6iLy\\\\n@\0a0\މ>&w\jlnl\Oga\rd\;\\\38y<\N\A\m\d\\v:w\EXۡ;3`}yy\ag}YuKtW\\ŭ\\a\Ee,PD0q	A\γ\\\\zߌ.\\Z\\\\}\\vІ\0_Fo`\\}O~L\\Oo\_|sg<<\Q\\\\EȡyPg\-DɍI`\Z)\gg|d\8r:_xF%~ʲM\\\3K\t|ft\_\\\\bm\EH\\=A\@@YfJkr	\\g6\?s3w\o?\Λ\ƥ{\7\\\0|q\+i??S\cg;ox\ϟyngs\[f\\tb\\\\\P)\'\rD.%\\bhU!=\\@%@\"(n2@Y0+[/-\\C\CS25li\ȏ`\%\\r\\:\\\s`a\h\\0:\x%#\r\\\k\<&S$dʠf-\5E\ì\Fgv4\W\gi\+\/}\|\_~oٟ\.i\/\'\ow	g\\Qf\d_Οs~|\!|\^\@\\qZ\\4E\\r$&]!2f\ZLh#d9١[X\ޡ3ӧ/\d\'`YF\xL1S,l:Cve\\T+Ed =k_\"#01x\e@\0F8Qg.f2\\ۅ\V\yNWGOF\'d/\7\'bģ\b޿pHϜ\K\<\\\\n%|PDS<lbZ@(\V_ʎ\nRd3B\"V\)M)1\(T\N~j84(\^2\\Tq4D!*\oY4hiR,ʒId\2J\nX{\\\n\?\\<uvcx\(ay]?ضn5\0\<s?!\7\\\K\,K6_Y{fg3\˂\\c|\\V$\hz<H\0CJ\BH-Ո\c\"Oǋ)C\	)0c\IVDSJ;?\.Jsh\5FEyDwL;}<o!XNwf,\?ks?s?v\/\{\ҡO\f\Fk\0~p\\1~\;\\\ ?A䟽f\\*\\._cny\h)b_c#57\P\f\'QԀ\\Z.\\0\%0\\	dx\XKD\'\\)N\(Fħ.~U,5\]\ZCCq\;(\rB2*\vz0;\?pI\|4\;?y\<\OM_sou=\}ţ5\0\W\x\O3w\\c\-\\\\'?ux|\\,\x\\:W\w)\T\PR)ɗwM4U9Tۃ,\Lzpj |\\\>@[}XE(\%\\kxņ\\b(%K\\(|g\~\#.ؾOz_\|\[Uys\Z\'\?\\\ѿn\\Z\|O|\/2sՕ\IVW\\Y\\\z\\w\\*~<0&/\'}\Z21\E\\K7M\E2\n\"	|>j\\3!TRf(Bݱu:\& \|rf@89zx\\\*d\%|\/.\wӣ5\\o~\i~\\\Zx\\y\\#=g@\\z\\'\;wuG\\XV\Z]tg;KJ3\8-\4uBw\rG\?>\\TDR\I2\00\n\؊+I;M\\c\c<\C\\rȑC;[vv\~\7\敭,[`_\\\_\h\r\<\\+\'97\{[\np\ᏻ\uy+W/]zy[_#\rNz\(˂\n\_֍]\\C\\\b\d(H\󨦐BǱn儼K\\#y:?\g\=\\SO?\K+\\.\\\\\˼t\\w\\_h\r\#|\\|5~\tY\C\nS\:c^NY>Go\q\\80Z[\\\dy\\\\6acqE+ʨ\OӘ\<y\1\=\2Л/\\\\\˖gόD_/\o.ϯ?γ\\\\=\SO\r<_\\Z߇\'y\7꧸U3\=s<f~\%\\\L\d\.I|(\\\ѡ0\Z흹bckvÑ\!:a\m,b0}V57	3\:~\tN\\vFof\\vȺ[dsn\|iz.3\\ƅ[W\;\{\gX^^bs4\;\>_\Z??\\Y3#2\uN=\\\\\r\s<\fun;;\pج̈́W\jnf9\\9U\r\\1Ĺ\l{X\BΙ\\\\\\\\\\xmig{G?Q^<qQ0\Zg~\#s2\=h\pd߷py\_\ox＋`F\\2\㾷׾\w|\%8g\\\{\˜d\{\8$\4Xeq1\ZA\\,\\\\۾o[\\sMV\\\߈§\8{<\\仾\\zZ\\n\W^<n=rZYOʣ<b\\\q\\%z\G??y~\\ї٢E-ZhѢE-ZhѢE-ZhѢE-ZhѢE-ZhѢE-ZhѢE-ZhѢE-ZhѢE-ZhѢE-ZhѢE-ZhѢE-ZhѢE-ZhѢE-ZhѢE7?{ԡtW\0\0\0%tEXtdate:create\02020-12-15T09:28:49-00:00\\0\0\0%tEXtdate:modify\02020-12-15T09:28:49-00:00HE\0\0\0(tEXtdate:timestamp\02020-12-15T09:28:49-00:00\]\0\0\0\0IENDB`'),(7,'Pepsi',18000,_binary 'PNG\r\n\Z\n\0\0\0\rIHDR\0\0\0\0\0\0\0\0\0\\rf\0\0f\IDATx^\˧\0\00eT$>\\0\0\0\0\0\0\0\0\0\0\0\0\0\0\0\0\_\'ɱw!]WYks\dfPӤ\n\Z+h\h3(BXЦ%I&GMmh%TJAmh\\\nD1Ū-y?\\\<g\\]\\p}\L2\\nO\\k]\z:s_\Z\<\\\2o:G\\Dd\\PہzZO\\'|R/_L\Z!\<>\cO@#\0<\S/3̉\\|ӟz\\\\[\8z[\\"\\8g\'\"׮\\\Y?w.\\'~E1\\FY\~\s\w\;D$>4RJm1kLw\Z\"Rٷ#f\\O+SW\n\-\f\\\?\9\2\­\\^p!\rm\4ͨ\r\\\>\\8\'i\r\;\\t\u[{\nQ\'۾|?b^𵮯9m\\\Z\w\׾\\rq\p3q\wvwG넬ƾݻ\uJ]˟f̩ƈW؇\\\\p3\\\,gѴ\0U0\0s>UdZ!JpHJ\\Bs\K.\0\\#_\Z\n\\;.6N y>\00m._\ U0!\ea\ZpJhRn}|\:ڜ,3\L\.qs\X͠MB	\\n\\eƺ\\t\E\\\=o[dM%2\$\Y%\3\\>u.q\r\hGgiTRF\0;3bɮ\Z\6-ݲ\\i\0~%\%.(:(\Cܢ\\\\0\_0\L\07\zi\\M\s_i\\$4)]\w\\1$Xo\X36\$wȞך3TNB2@%Hb__\sPkX\H&\0m\\r0:!\\Mb,g-VgڄgoTY,\d\\X\\\r\!\Ȕ.\0\2\t\n\;m\\"1ʎ\\Q\\nH2K?e1H\0&R&\eU\0\\;6\N^4\7MVB\\<V;]sZTFE\\*\B \] \rȥ2\\f\\\\h~<e\\\09\÷x\p3\lmϜ%\JT\M\Abp\"fq\SbsNP\90@QG wB=lD\?H@e\Ͼ#D\ENPAwB%;s[d\YJ-g\\:\\\\,Ai}\\w\\~\,3\=\P\?\\\\_\&#\#\\\2PN\0\w}\\'\AQ/\\\\'u\\EkS=Y[G] \ieĒwK\Ǌ\(@\.\\01\\\\\urbp\n~\8^\\4G1\L\0&T27\%s$:<A0]Los\\c2h\<Bk3%<AJ*\~B@\0L/*!\\\\MF5\\A1\$<)(\\hD.-FMZ,\"1\U#\\Hddas-Bݶ@z` \K\\,3\Z\/\D\e2\A[LN\\\@\0]\\n\Ɏ>K}c|x#D\<u\\cE\6\|1.*\0q\48\x7v	fq^\\0~\J\\{\\9\#b\\v6\\'\}\H̶ӪF\@Y\"7\w|W\Eg\\,\n\"\cO\Ԁ\nJMv\\\U͑\\-QXLY6\{\{.}\\?\\\\_/\\n쉣ީYY@>\"O ۪d(\\Z\σ5*{iTc:	k?\;AE\\/\nTAUPN; r?f	\ě}\0?fA@䍼ߖMH\n\\r;,?\\/c\ꪺ5\k8\ui\\A}L\AJ\".\Ʌ\Y\\1\|J\%\\/.bV{d\_GP#|cmÞ\]~B\#\_T9Q-R\ő\\Z\#NZ,%S^?\<]&\ fy׽>ֿ\ӟ,3\ph~Pߡi	x+\\\i\yl3x;ȡ\"И&W$\w\Z\\# *v{\tgN^\ztj3>n@\\\0f\/W\?H\@\0\ZDʞpGZ6\Z\Zs\\ur\v\\+\"\z7(62j\njr@\"\ ǵ*\\Qb\x,1\Y\2\BjJK&QB\\0d\*ލW 1{:״%|N5d_R{U\D\\\Z\Z]\\D{	\N\&N_Q\Z\(\o\THNč=+}_\\\"uW܂\\0f	\\\\w=U14K8>}\\\P;9AJW\\EQ\#*sLD͟\\I\=CZ\AGH\k{+\ǖ\4\C\#\g\ZfMޔ\\\Pݩ7\\\\\\~v&\0^>T\'2pDV\% !:j\\\Ԇfo>Y9Pku\!\|\\&`\\\Q\SLi堻kw \0jXDy\"\\r(\4\nYm<bgN\pwW\*`&\F\aj\@4\	\^*q^?\\"\ZeK\\\\\]v5{e?Aky\\~@\\#\z!~w\'MR\\ Q#\nm\\\\n R\DQM\rn\\w\{\}\n\p\D-Q\{b6!\\\	]t\o\\!,,nO*\0\!WXkt|\\\$ޟ\5\-\\0a[NvD%CAO\8QZgb\2 r\T(@>з\\cf	സ\Q4m9\\\4@(9ͣ	\^\U\W;@C\"\0).嫧\Ok> \0tm.\V\\܊8B魍\BF~[9e#\Z\t\0J\nN\0,3Fi,/\m4(#gKpәD╂BĖ)U@]?lӽĮo	@ޭ\\t \\/\rM\zgE\p9C5H(3ST<B(<6~u2\,\]tccz\0n_;,\\g\m\?\o0\L\0׊;\ȷH\oFZx٭;\0X\s\`\\HJ\\K\\\)\|2h\\aWjB\wvH\eׄ\u\wRpKFxKpBxH&0S!	\w2l\\\E	M*qK\o\\[\0f	\Z{4Mro>BE|S\:9\L\H\\ \0]轝\\r\C;w\K\ \0ThM\0~\LB\z,59-\-)\Z\"=\'6A\80J`(hq3\0Ѓ-BTHE\qRt\e\7?~_\\R\2 \"8\"N@ (izRpJ\LVR\z\\\lKTb\'|`\XW\0\ R?n\s\If\͸>\'K̦-R\\1{)dz%H\\n?#\3g\߫\+\\\0\L\0\'\{5\߀ \\W	 1\02R\m\\F\0\ \n@\w]\\\\'}6[\\~\\\nX!\\$v v4z\\J\3dmJ	F\u\YK\\v*8QD<\-V<\\\,RL\-:K\ꁙ\0f&]\\/5\\bG#5{\&A%Yr7%W\vbH\0\0rƦ\\Fl:k)l	@}7\n\\Cg5S8\0s\Rpf(S}ёZ·l,\ƴ\+Da\\f\Zz\HAĐER\r\\ad4*o\\o}\gl\\0\xmhU7!\\I\$F\$\qe̗\\@t}q]׍\Ƞ\b}y\Ph|XBS\#nv\\g\'㛑9ڔ\2[6\-b\mH6h0va\\"uU7\r\j\r1l\"l\\"\\,\\2\\VGh+_\_R>\zZ\x\G}4\\w`Q_=0mU\ዶ\\\Z\\_\v]Oq\cNF\s_ Ƅ\JǜyX0hوCӇ\G\8\\\\\ؙ/bR\_Zb{\|\/8\W-+\\\je\0NBA4\\\Z\\\R\`m \\'y5\\Q+\Z\;F{\C=Ex\\'q\0Y\}\q\~\rZ\ڤe<B \'?\x\Jaq*~G\xA\\(XĄu\'A:\2IEb@QEL\5[\"[\@\\Zc\\O|\Iu{d2\4徺;]\\Z\\\)L\r**ޝBcjQ,I\B\r\\\ܡ\	pN\0fx\2\\H@\ޟiZ\Z\r\rg\M\}y~T\,8w\\\rm\"Ʀ\W88<B^\\Z\ `$x\\Nd 8hEt\\\E}\	j\\@) kgd#`\T\p9jߩ\;wɾBB`daMDUD n\sy>y\E|>\?!>A\r5a	!\ܛ\Lw\\o\\\Lf&I\ꫮ\\!թSgT\0D֚M]LX\$b?I\r\38@1d(~x\A1e\	\{\p\Z܊(*b\,^	.^\_^_kVA} }R\\OG$\\i\)ŐL:P\Z\e\[Lx1|\!	\0\"AF\WҰ6׳J:J\INX4D0Ȣ{8p\q\8y\T\9f(TrG2G9\\V9\\w\|`5\3\G\ss灃nr\`e\n0\\U$\D|kQg:\0pP\0uRt?]\\#9f\r(FM \0U\1dp|\Sq\IG\	\\(Z}s^F`!k,]q,.GKji\Z2\\\6}F1f(|GJ[jxE\y\\Xz\(<;P\~!3Q\y\"f@328, ~\G	\0xi/\\?)V  Q\\\Kʆ\\\C\o\Z47֮̈C\cO\\#|cp\\Yނ<==\VkIk\=h>\䎝c\\\?0w\\|\a\PƖA\(}1dA\kB((/\3@T\0D2X4z)\\\\\ns5ߜmU^+\?	\MYY\}ݿ-Ң\{\0\A\2t\t6{M@ۅ\\\\\ŇOz\|9\ѹyUgU\+7	\G$B0< %\?E\AiF8\-fTOQ*\W\.8\\c{~z\y\0\\堌/;v?Ѳ\\\F\Y\C\\g\\éGLw\ø끿\o\Kq\n4@l\\wFz\@kK3WbGs\<\	\0U4`@l>=\N6]5\Wnv$\s/`~\"3\\\D\P[ΛoE\`\uWc\\k>\\\\Ntl\\V\cB4\\HL\2\6!2B\rp\ngR\r0⻽\r\0J>\9\pF&pI{\[)L;zs\':\\Ϙ	\de7V\H\s<Ѻ\r\\/\wc>Sw\\\\;Ks\!\\\6J\nS%\شPC\W\n@C_\Z \Q.`?J)\"\7\n\\\Bp,\O>u3e\\t\\\*\\\PKṗ+\1|p~\\sNG\9\@+11b5K@J0BQ\\:\0pH\rS_`\.>\߯\\\\w\\-\`T\P>\6\Zrw:tn4e}|\3pi]I\\M(BT`Z\dzJ\֒Ekk\R\dJ׵	\0PH\k4t>O|\|AE!\ot\rp\7$ Px\I\\s׮7\\l\'\\n\I\\?G\7e2\e2\+mj\\\0̺\:O*;PO \\΄\\\\kG\'jt\Q\\(B{\]+\ET8:\\\0N\	8U\PL\0SWAl\0\P\B\r:\\hYsk\\f\ɊX\w\\c_翊\˯,TXP?ӈC\>\Д	\0 K4\\ڊ\0P)\\rЛ/0\PF_\Ϡv8\rAkTU\'UETq\>a \\o`M_YR\\n\FDD\\?g\X\"?\N,\JO2&PR\)*{= \Bd\<\\@\)?\"6u=F|\Z1hu|[(R?.~N-F#\1G<\\O\^{\b\b\QY\"2^\#\\Z\֒CsS)47	E[-phVeER\9&S<`\(PΗ\Ё\\.\|jt49W5\O>!Pk8m\qlPS`%\ (]e3r\88\0m\.nl,ᓗæ\\vY;\w\0o\P\r\G\rƧ?|\n66Di׾M5M-B\Z\/\+b\+Hm\Pp!\nC\\D\\v\I6lD\r\7\\.\|ܴ<\L? ^\V\0\H?USnL`[F-\\034U5\Z\'\0K#ׅ\0\\\\\\_ ڸI~sg wtԃ\|p:6k	iK R\\ˆ\\m-Mh\xP4\2BI^\0p(\QW}:M\\\Ł{E\@;i\*!O8\\Bf9\n|̣\^\\0TͻBfh\jP~_52	\0\3@)\||\ҳ:\\̥\s\B=x\u\\هKN}BoB&08\	[ӴQ\](l\0\0A+\0\\hZJ\HAD\W\;<\'	kP\ `\\ќ\\\\^\R}\)U\H\5@P#	aD 5	\0ڶF\q\\"G\<\Յ[\ԴS~A\\@\L]ka\\\\ՇsOAn\phy߲,q,\w7\0ƀ(׾K\<@\rp!ϰG5\\'=sN9\Z#\\\ul\Nf{\i\\^#\fp\Q`C]\4\rr\̆`\3GN\08D\o- \ҙ\\]y\\\cԳ7wY\\0D뙧os\\{]Ε\s\O5\؄\~\!	kʈ\'3.ɦ\?pQP\\52 !8{\>\ng!\\|\\\-gж}1\XS\|X\qyHH0YlPD\"F#h,\0pH	\OD\@@oO>钬\\\ksEh\B_l+ښ\0)\\\`m\\b1x@Ҁ!GQ\`\׿\0\\0sZP\ñS\';6#\lBO[Bʢt=\k$\\00io\nŨ\Y\a\' B>\5j\0Á?̉9t?n<\0\>H;\\\5V\\OFAk̞[p\{\"ԞI\8\P\"\%H\&\'\"\\nܞl@\'\03|P,FՎ\uOO/;\0 U{\3#{\46C\ѧ@\?x/t\L\\0т+k\{]d$4XʇC1N\08\0${Rv\W84?xXEKQk\'3}\\:3iS\\0«\`mG\g44\0⥀el@\Dj\r\%+PI\ETC#YbhkmŔ#GH[w\NFf\D4:ˑ~\\zԂlk(@@\āB1`	\rf\mIv%\RO\֌	cGJ\_0o>\EO;\\*[\\O\]\n00~\0\\܁\*T\\\	~)e\| 5\\X)Ȩ\\\SdAAj@,hr^Y\\\%kePd/\\Z+`5_)d\\0Aj\'sh\(>\ǓT\\\}\"v\m$,\G\{2rӎ6҃|ū\cT\\\\9z|(\d\X\"VJ\\SJ8\0\S\#\0pJ\0r&6d0tw\\)\<`x#c\g?AԐ9ס/\'=\5f0|Ϗ\'{Z\\\a\\(a(\nMX-c-j\0ź\+\\H{\}\\/	Fʛy/C49%8\>Mt0rp+2Y\Fo,bZ0Ѹ$D\"\@\\A\O	5ʜ\=#\\GlC/\֨\=\\I\\y+-;\lF\7y2#a\'\Z\)\r\)%sY߇TN\04|\e\Q,!@Ti\e\0k\*\0k\ᇢ\6\\EymF\ycR\@\0\Z\0\0\=,f.@\\\lև\{\+ER$iTCݥ\ƦF^\J(\\r\\\ku\r7\\\`%Iw\\^B!\2\\0@\0ٖ\\"01dr\ψ\\ܩ6K\Z݀\v-k@\z\\oR ~\M߄\Z2;?\\/}\P\ٌJ1\\{\r5<C\rc\"B\:C\֕f\0Ygy\5\bF\Lڧ_N*\\\l\\o!\G	^8]IH\Z\\ZDB\n\]\V\\'iDVTwƟ81\+\?l\f\_A@Xm)\l\V&՗H\0f\?1	\hD	=PYଡ଼i\\.<m\o\?\it!*і\f_\rcí@K6B\0\Ҵ\\3\B̨\\@㢪ƮmL&6n=\\1\\\3\s\V_4E\"@R\ntP3G0\0kZ,\lH}@\\n\(D\\i\0ל\FnPl\\:75p\0\y;^\\1K?zS7G\;\"\\9Qۻ!op|\W1*21(\0h\fJ+lmֶwK\"\r\r\QA\0ﷲd\0?amW@[Y[s\\./!\Zb\nB\\\B\n\@\G;\\Z#P\o-\\n\\{7d\\\A \<|\FMh\0{cUM#4cp[+7uAG({\\nEdJ\1	4N\0u/ \1*雛\о\g\\1x~\_ilg~ \y\u9WC\\\\rݢ\@$M_\}	@.\Z\lƓ\RZ\Caim#\[Ș\k\ndsm\eNv$pՙ>K\k\_\ojOO\ϸyG\(cG\rlM;2*@HR\\ap\g8\\Df\Ok8/W~\[``Aƙ\g|\j\0BMz\r~>uT\/i\\\7ދW\\u#\&\.E6B!B\\0\' \\cCäk-6R\nP\ +NyZS\9{Pvl4)]z\\;jmM!S,0a?b>s;^Y\dQ\\»\]Azz\0+%Z\g@ƞ\;3 &@\r/s\0\\\Z\'\1w:xC9UR\0\\\'hz!\,[WTg?4``\ءXA\\&\*\\k}+E\d|hɡ)\WbmknB\\n\n\'\0\\\0J\t0Ǩ`Arx\\\\0\"\\g\\nKG\\5_\?\\8\_\g\\0+mR5Ҙv\\{\\ l쾉﷩Sl$\Wn|ER`	v\0p\+c\rd[KKfEٟVJ/`p\ͧZ[\86u\q\of\Ыn\M\n}@m\9\0\0^]\n\\DYu\Z[H\\"(P\/`&	G\%8\XǢzj\:b#2SCf\x\0\\0[z\o:p\nh9=\r\Ӛ1㥥\O\៸?6\\\\`\\dm;6wt,!e\\3DR\\eנ$PB*?\ \'\0\\@@*\\\U`\rǄ)\\zw\\b\ܸz&{n\\\}*\Vm*%<\r\Tȯ6\f}15E+\\S\02~~\ks-dHX\0@\)~@I\<Oq%\$\\rsX J͘\\Zk\CO\\5\SOB\\w5j\[\K\\5g\`\\n<%nF\W|\g\0\n@K\lB$~~xrM<\\+׺\9\PܲknKY|dmA\\ź;߅\\\ƣ>X?\' pJ\]\cmk\6\W\八Լ\\\-\{ \\\|\^0i\0p\r\m\Ds\*\\&\',~A\0\\r\Xp\dTϦ%X<0\\GZ\9>Hm+O\\$p^1-\Љg__\^\\gJ\hCG@dc2>\;O\]+\XXp!`ad~$\\nEH+8D	\0k/CG \\	D@R\\Ĭ\W\\'\\CbMUD4J\\LPss\rk,«\6\\\xidz\0C$}c@u<B\h\	X~3\-^#Re\xc\ c+rY|4@S\\r3\\,8Xۘ\0:4_\Y>x\(|*U>\{cƔ\r)PzE<pMi_yo\\\{\\\6q\yGAᏏ\}\g1\n6A\k\2Y\\0<\I}If(\\'\0!oP\<L=\g<OΙ\\'\\}ﱅɚA\\m睅\\\\dDgoo\XZ\+\\k\\[\\\V%}8\}Kx\ЉK\\0bP\*NJ\0\`Hь=\\lp\:P\cse\\\k\_??\G0\\\ p\\\\'3\\16N@\\U\ǜ%xtB\^|P\\o\M>w\4ٽo\(\$\|W0\\n# \0Ci\0MY}PQpp(	)*\\Z\0,\\,g\\˗\zr0}\\ZܱӐ= P	0zx|\R<<k\,Z[\0@\CJ \/{&R<,ǲ\k9?Ffy\0	eh6\\\?EDZ\(\\0\mZUW,_\[Q\&\nN:\\\\6;ʍ]xn*\\kYZ(=}\\\8f\\w`cg>2z;\j\0}>EBP3\0\K\r/\0K\x Dd\"\\P\\d\@G\fT\\\-\/\\Yx-\"\Y~GamOI;?\\jy\ׯ\]\<\v4\nOJ\n0F\A\!\Z\nU\B\D۳\Z\Z|P\x\\\K~7V#Rdqv4{~\ӥJ~\-A___Yx\鿑pN\\m\nh͆D1`\<\0\?UatY\\\Z\CY?\\w?//Ť\\+OAnW\W	#\e\'\\b\\r\̗cCBݷC˧ \r̉L\0\g\!_\G:_\Czg\'\\0\Ƣ\Q!\\\hm;N=to\TTaA;g\d1\\.9\s\0Vm\\-<ח/N2͂\Xt2c6~NE\'\0j@\]6Uzp\Q %<}\q\7՛pδ\ѵ#FoUiwT\z6u\G>,AvbY~\2J\\1\e]NV(2&0+,A\\}\\n\'\0m\0Jh[	ƪu+J4\j:g3߿\hv*Bfd͏+\x76p\\\y\\\!߿4NQ\2ҳI\0\B\r9h \*\mcC\HvU\0Q\9\\.\^m\MƯx65gc\\\T\\-p\\\\GO={\n\\ğ~:RQ}t\/\u\0\\n6\r\~Y{\\03D\ME \\\0\\sp\\^s-QX~#\!^Y\0]b4;b\\Mc\\\@afL\m(\Gp\!{bņ.\x\\\љȢ\)FZA\T\v\#)e\\d<a=eN\08@\0\'v7k\.(,bEƻ`a?r0r\0;\ϋ4>|\<\\%!¢5\\ǃ\`Sgw*-\7K{b\i  	\rH\")\CsSO\\nQ\\ \0B.=Y\\j9i2π.`P\\FXz>\?\\\=\n8\0|t>\qO\"d\IF7l\0\pԔq\̸\g\xf\HɑHIN\G	Ym c@Z\\Z$\0\r\rb\ l\LFEppwG\0\\\Zq|k\\h_Q\~}$\08ҹz>ΙX\\\r՜wb<\|\\\w\\s0\W1\JЧ&R\mHj(58Bpf-g#0B3\}݇\!@xWFWw;<>~\o\g	\9%M`\?]t,=\~0?\r_\(\\S.W;4\)~*CJIZ<*x]mƖ\\n2Yσ\O\ˎ\4\02_\&-\\\A։\\B\K\?n\ó\S\.\\Z\xyny<\\n\nM\R\IᢓމS\pj<\\n\7X\\\_\\E\\e%d68!9}mbo8r\PR\]\8_{m@\'\0\n!$(\-\y	1H9M(\r\\܎;;𥳐ᎿN\G폳M\	O\\SV\Ss\\\r\aؚz[&eA\\\#\\\p\Őfy,_\g&^],.>(?\nJ\nJlR`߷-	fSll&\Zd܂\0`R0\u;\\V*VN\ \WXv.ƺ\rk}Z{fwN\+\\{fƺ^t\ԍ|\|(s\0\6kі\bԐVL3SƏn\\\\'ҌYĒ5\\B,^J-U\\\t~d+\\¶)aŰ\| Aƶ\\WG$#\rB4\0N\08T<\ʸ*\'9aC*GQkVI[d1ѣG\\{\\[p	8\*/\ޝ\\\\rx\Xn=^\\7Bj\VL\\j\\0v6]\\\IǙ5N\08Pe\\[\\\\\/_^}\\r\A1h\\02cĐ\\\\"\s\FRO{\\\cCG7\wt\\\Xa#6wu\;5@~R\sEM̐h\09b7\C]X5\	\0hHZe\7yk\-|B#\r\\\+\RV~kkZs-h\\rq,\!z\\\A_l\\Zm \:6mB\n[\\#AY\BR}`N\08\أo2 \iQ\q@|$8ر\،\A\9)9*U#r\LP\~	b!4aP²ͤ8\@&UQ\\r3Ց`Cu1?\\XSx\&,\nL,s<)4\#\0p\;UJ\\dt%Ky%/@E\NS\-VIS-TN-+hl\ny44,\\r(R\E:0fPF\0`w~ҍ\g\\n\t5y\1f\3@\0ۧ\X\0S\\4\0B!\0ԡ$\\\`S\4oq!PuOE@>IŠ\3]f\	\\\e3zY=\\@ƕ-]*\\}.ߩ~_Z\˙d\\NQ	,l\&(\kɻ\Z\'\0\\<{\6ƍ\#\F\0UC4CB1[F\PXYKn{WO@ږ\HR\\>֛I0`\Z\K?4Dy2hEF\\pp7Ƚǎ\_ڟc9\\\\\\*\71I\\E}e\eXS^fX\f%DYKNEH\\n\'\0\GP7r,~\0;|\zY\\f#A\O,I=h\r\03s.\"t\I1BpX\*ޛ9w!\{\eL0\"d\\XCT\ \(I2N\na%H\\חGq]+\r\N+ Rsdi\)O\"\"iA˂\(\`\	\\0\Z߾a4J\"\r D_1@\@ΫAhA\l\0B0+%\L&\7A\np\43\\\"PuEQy\\\0p`l3\6q+Nh\\0\p&͎\0\(\\0\A 6\0Z\\Z\rh\3\"\w\o\rjk.\8Z\W.:	\.UݪR\%B\p\Z\0GdS\\\57]z\Z\5\\X9\K0e\h\\){bA{\\bCO:_v\\rZ@=B(\:)Zp\n\x8\r(A\<\\'k_zAD\\\;Nf\cs\\ϼB\0\c`h.Tl4~pbA\KaUfW\3hB\C\x^𞣇\h\ˋbh\{\q\\K\\\\\gL\>L3vO\JLP\$\'X:ςͼa3\$E<x$\O\3\\\B)\KTh\e\;\'p	omǏ\1_\{\\#0n\P,Y!P\cY#AU@\ I\nj\T\R\g#!\\\:u_ܬŻ2\\\0\0p(\\jd\\J\	̣3\HAKsW\n],ZƍĄ\ðX\\!\0\\\]FZ̳9+\\\#+SG 4B@4\'0g\"\XyA\Z݆,\\g\9y<z\5\rihm8\zX/5|e\'\\0P\y$c	Ql\/ka\\0\\m9ӯ\Y\n\4nHvϟD\~c9\-[6U\|q\'DH\?\l?\E%~	O\gRYKps(\b\Y\\@*ʯ\h\Ypq\~{\\.ܚf\w9=\\\u\\p\%8lRT`,Ki@,ѕMW\@Q5\	\0\)i\v\;|_<o:\ʪ\/-F\?r\n5c\UX\޵K.Q\8IY\\iHk=ĊU)dʂG\HV8T/\\n\\\|M\\q냳q#/\\?\Z- mǯͼ\\\0\\\gT)\\HF%\0Z\Z\0 \3\Z8R\ZV۪\_gHz\|{~>0\\\0P\r3Ŋ4\\"1ɐ@\HJ&m@\W|\ZJ܀Y?\{\ \@\nbĠV<u_|\=\\aҸ\bzEk\clEr	f6܀\"\\\\S\f=sLNp\0\_+j\\;ǿc\"rYٙY\\]?ቹKNT`r/-Ԑ{\Ƀi\k\"pd؀P+\k(f\{݆\W9M$\'/+\"»\'\\7|ߑ2>[p^ߏ4\\0\BT\"\\\\\h0\0p \T\\O\R\\݇o\83?\W_]_\\9%W\w\ϱ1sbY(\'?$5X\)\p)(D\pG\0\C\\0O\D}w\Ga\1^\?bѪ\,#\\scƜ7O9ƫ6t\nv\\@u\\ςc	\Z1xJe\H0A\i\0:0\0RUWФ\qĤq~b\\\1\V7\!<\|\UY;D\\rNlǖ\q\Y\r_Ɍf	\3\\8PPPy5\{\DQ?\B,ZiAk\?\p{\b\(hTٷP(\n\v\\n愑<\rfk-\:\򽔧\ \F\0ŨNp?RG\,B\rzK׵c\A\s\0\\`p\1W-\h{\"JN\08pC[9ׂ0\%\\"\#\}f\<C2 CL#Eh\x/t`\\Z\'\0\\&SE\T)S)Eei`\818\:10`\}\A]\5\	\0buQIP3z\nH\05l6\	\6	8gyI\j\Z\'\0`\\XK&ż j\q#/[\U\4;C\nBh]B\xLo?)ap<Ԋ&ܣ\S6C_\e \'\۱%=!! \\\Sư:\܀\\T\\9\^?\R\ԉ\\Sg\h\w<:߿{ʭ\ؑ@\[B#xMp&D8fY:\\r\Z%(\<\08k9ԊB\=-\\\\I\rh\\Co|Lv\x\\5\\*ma\?\Ӝx;M\\\Z>b(܊֨Np\\?zn\J|\\\'p]I8\I8\{fvSW\;\\>7&\TLWo\vL@k;\G\0+ \\nUE 3d\SbN\08P\4\02Qz~v>ڈk\8RN>dl	[r`KXs\\0\02̂O\KE$ͬ1yYϔR\ro\\D!\n:Q\0p\@\0dδ]^Z}8z+\c\rƀ\&\0*+fi\\0\n\\B\1T+#\\%I~\"Rdy	;\nR\n	\0G\0tQo\\aEM\râ	dXk@\J\\Z\h\\pK.?N}\\HV`=\Eab8#CP\Ԓ\I\+O?#a\'\\.xÎ\\i!1K5%0 $ .l\A#4N\08Po)u=l`rqǍ\\\\\?|\">w\twԔ=q\I\\%ց#8;\\#@Ԁ@>\\\W\\&\\M4\\Xbf0ՁF\\nd\ T`Ì[;SkrB*@\r\\\pӴAG\n1X2\\G2\\r\\0\hc\>v,5\]\\75c\rAh\\×/<q?07c\\\z\0M^	4	\A=p\\\죥L\K\\\\\Wx\&hS\<\|D\0?\8L?j\!ug}\3Y\A/bd\0!4N\08P}\}\b݆	n\\do\\C\Tϻr\l\\Ug\UqX.SD\0$Ev\\8\*s\\~5l\\F\ri~M{74C\0N?\\0Ir\5\ra\^ǉ\\0D6!\0_yJ@D&\͋\f|\\\'\0&,%I;6?\eX#cWs\ª\\\a;[٬hҀ<@:\)1\\"\\0F)\0\"5g\<\\\M\M]$,Y\\"\]\o.e,6s2NgI&\:e\\܀i\HGD \	Wנ\f\0\>g\\8(U\r0(\\\nnE6\äF\&\'_<&\m\\0\H($(Ei\"\0WH\0\"*\k3cͦ]jӷi9\\X\/+ JaIR])\0qp\SV\w\+\r\e};OJvu\X\\D\\\g\Oz\7&\"\\0%=p\f=1yBs.\\,4ph)k;8l>Ta\\ז\\\	%\z}\@\3a\݇\\\\eW\Tq\DP\l\\QlƜ~\By\6\0\i\0ʋ\@\|u)\o\\!m\\\\Tߋ\l{.;\0\\Cq3waX\ӥ\ܖ\B>DPCaFgO{b4\0\\\Q\\\\rf\{\_q:&\-\\\\a\]~Qm\x\y<ڛ;/=eL\\рiR0m}H6x;\\?^^;g,i\=_n\do\e\\\gQ_Z\n8\\O\ąoM:\'m\0\'vlJ)a\0*X%\\\04\Zgp\@-ْt)Sk\([\SJT\\/_؅\"\0I:A\\\S\0ɥ+\r+\"\\'\0*:}\Of\ǱLc@iBGw/.\\?<>G\2גOo\yulgs\L(\0k\n )8]2P4<$]}\"\raZ4;qp\Y}|.\"\A\\"\k9^\r͵@7r%2Q!B\H\:8voO8>\H\\Ä)\^Ìm\"P\V옔=${2\ @*57-@ɸqp\Z\\0ԙG`=FΦ+\o\\\|?.\Ԣq\Z6$\0y{ltYpsW\Z\W2W\ri\0Ţ]/;hO\|\\%!0JWoWlP\H3v1?\|\\vAi׿i\r\P`J\"@ \"0\X%E\n \\ZN\04Ҫ\;vt\1\\v\\yz\O1\s?\AWS[\53;k\Z>{\]Nk\3\\\ɳU+2\'*&H\_\l\#_ `\\@\-jR\\8Bx^Y\x\\+e+7\\>\wbJ0|\Kֱqr̥W\"\0x#\\p5j\{\~b_\o\*pۃp\\^a\s\Y#\Vݷל<^Q*\Α> 0v8\T7p4@;~\\i\|K\nb\M\\3SXmO;t2r\Ly\\'\S\n>b\%?44@z/\`E<*M@\࠷\%(\8z\\>5o}>q5\\륈h)%\\ū\\8\2\CibO\rX\~\;\Y\_#a`\V\Z)%61\\0\7w\5=\)\&GGwM}43Vw\0=t \.Y\_\ l3`\*n`ǁ\n\5Fl\Ь\ReJb\h,\\ ~h\R5wOI\_\#N劥\\n\\Q#غMm \\0H\u	\0P%D;_	p- ta6n\Y̾\\\n\\_\H5\\{J\'¶\%%_\08\\tf\\5q7Ԃ}\ǤR[Wn؉\"\IM l[\pH\Gc*@v\"H@,g 68\`\\01KY\0̘\?4\Z9\(\\\/	\\N\=\x\0aÀ-5\BL\\Z\fрZf \wF@\\kN\W&ǂ\Vb\\M\{\P\p/Bl\3n\\3;|\U\dY\ U:8T{|\'K9c\\7\`\\3\w\m%l]-KXv\\3e<\\0d`ns\Ck+|\\\\	\0\im\LKJA]?R9{Ѐ˜\)dPD=\榌<S9f8\rEֱ1t\<\@y#J\r\`\M\of\\\M[x>ل\k:\\ƠŤwp\§?0\r\\_I\\\\1\x\=\ʘ\r\0\b\PD\kt\Y\\\\ gݕF\pS  %j\)iA!MtJcJ>\\q\TL?`<3LZb>|=%m\B\HP\r\?\u\Yb\kmIQP<O\dSl\<	\9\0Y<s}N\08-֒*-תUUv\}\n[\Qu$\1<\\aLtM|\\3q\\8h|Q\t2ad2!3r\C\\e}Z\Tvҡ54\|Y\_j\\P\0\0\T\fHnI炐_\0fǴ\\_zçX\k{/FLr\\r<]O,\\\dAH\[!I\M\\Nw\*\.>y^^FS\\\Pξ=\ZQ\\&\\r\yַ^\\;\"J\E\(\g\|$Z*t?u\|%\,#Xq\è֙\DW˃<\\E\VE\	ٚ<\\\\A\g{B\̸{ք\}\[F\OB\\\'\\9#J\P LI\!\\n{Tʕ,į6c>X&.w\nYTsyS飺\G\A:SQfѭ\l3OCQ\\\x\\`^~\k\y\\ˁo\=kFY\=km\\x0{P$vV\\'-M[\\"[{PBtfՌ*\L*\Շ̊T}\\ʺsW**w&2\%Z\'I?6\@V\Ϟ6ő看s[H|\\Ffe8N\!$P\\	Lg!Urv\0z\g\Z\\?\%q-IsֹI A\ӾtO=-RLc1\Z2(\9v=\\k8bTbS\Ҩ \ϝV\uMmo\6r\5ZO 0\'\$\\Hƣ\s6}\}\\pP\\Z\0\y\{s#\\<&3\\8-\0\\e,8\{L4I\\\ZCZTYP!Ƥ]kA]9D3\Vifo\]y:\Ƞ+wOT9و,vamr<_\6\\ZtDn.Ճ\\'\Ǵ\\\wj%e[\jcL\\i\\\\3\S\0>{\\&l\;\{ۗyY<K`\G݀Rb.8\kPZ_MZ5\'\"Y\1t(s2_\bri+, \\\0\\0:ɲNL\,\_\xQE\s,\L\͵E:^s\Y\3!ݓ\-C9R_((aK\T*1<l4\ǵ\7@\zz5c\?\xr~{\8\`<&[³ɺ@\"~\X.m\J\\nx@%汵l!xK\Ֆ\.\r\I<IǂO\\"&?x\'>\B2\r\\"p,2\Z=N\RuB\|\%\ɱ\\\XQid~P\!\Ps\\ZV\q~#\r5\8C+pi?\vxcoXb\=.Cq\_\ӻW\0glԿ\r\o=pZ>|q;\\֬/*\xN\ϔ\9)\z\֩=4\T2\)#XB!9\cI)[ \$crToAp\r/Z\t\'2z\<,w\:B\KBr4b\-zP>ׇ֗<s*-vMn-!\6\/\zdh[\1(߁.hGT\\2\a\YKӧ\\O\^\S~\\\0\7^\\nh]\\\\\ftX\\P(9+nۜ\rč\l6u\ZDR!J$B1YP\B\"$X	*5\y z\T@<G΍>`\\d>ֲ.H\AB~g!\Z/\\Ӣ/\Z[\Rf^9Cb\n\'!yE)Y8c\"g&f\)\"KO\{ȴ\\'O\ՙ\r\\\pøqn\:Tkg^N_\\i}\\Xŋ\?\|3?v\֝\\\r\\\\oLV\[]*\$Ra\\$@\\+\l\L]\\ZE\n幞J&KA<ٗbx6\r)N\i߻\\q\:\)\[9\r9e\-$v>\i\{62\0\4A\r\C|I\I3eIAY2\5\Baߩ\+\<\"\\l/3\Kqsy\\Z]\qj\?}j\\\\\/<r\gzJ\n\C\K/|\\\G\~\\:<.7O]v\`\̍mMQ\2/\\nniELBi\n^\#.Yi>DWH%QE+-Oab\\8e%eL\K3QF%\DIčɠ%ZH9ʅ$\\װל\%}\9<(ĵcQ*e\nԜH\3\\\qQJd\\"\-\\1cD\fP^\\{T\d\?y\\'\\\\7~\\\?\\S\6_˲?\\_[o:o.\ʕ+;;;\~uq\OCU\Y\]n\\EaS]J\n5k\xH4bLγ\\D\<-nHFHV:K\\\C\x\rZ\Z\"df؋\z	m\\\\\\Zb\\0(;\ p}^\YӢPaZ#\\0\YUUT<m\BN\\Q/b1\\\r8ZO\:1kk\\\\F\3\W~\sjjO\\[\8{:_\<{tk͓?s\O|\g\\\l6\vdۗ\\̳\N\,]+geK 7u\rL\Dߐ\i\E)X2Z\X;s\\3<A		L9D)[\B\\\fm}Чd U\"/T2Fx)&\8n\+I%H*z\"B¥͵a1fAE\\==h\2K!\_\76\\dbF\\W_Gy\N\	wd\hp1K\C\_\Ϛ\\\\\o>\S\\\n\\\\\\ȑ#\\֖\\ܰ듑EF8Q\\\~v2\s\f\qTh%\\,\UV,}A9\Jy/\\\\9\0 \0d)g4\Pv\I\K;\\RSNI\"=\\xQ0\\*!r7 k&\\sL\\ZqsG\2LPM\ʝ\p~\k\\O88q\?~<;zhv\\\\G3`mv.g6Ƹ?\\ww\"\cj(Ӿ!\Kl>\~\\s\=o\m݈Qv\rG`\!\\\mX,\7X1K?\r{u\\\lʼ·\n\M@,\-y\$\ۍ@S\H\\w\WȬ\d6-\u\\_,IpF\0_Ќ[BO!W\+ڥ7\ cL\&\=AδqT\G\\,\\eb<R\821\\U*/׆\de\\\\1\t\\x|\\\b1s$>\\=^|@\i\~m5G\o(1]>\3~\ҥ_y.\!ZQ#뻾N N\\Cy86^\.:k\\\\\\\,\bevK\\\\rcM0\\F>\\0\`DYs\0i+/\@aXM@ãy\(cv\\\ʘ\\Z(R3Z+\˲$(\ \Ae\\=\cӡ\\`%\C\">ǯ+9km^%yy\00\;?s\/C	X\Zlag\0=\\1\u},ƥ\n\ۙl\3\؃L,\q11\'Ar\0^+d$\AҦ2!\H\1#\\A\\Z[\\lp\Pͤ-̣0]1<;	\>\->.03Ν;\C=E`\9\(\[\0>(J\\w\}\\\TtMժl\j\Z*W%@@AP	tARW\Ck]\\\\\_\0cLFC\\ZD\\R\\I?\Mg\^\0\'\c[@o\@Z%WGw\\($7{ZxBe=oc~\\_*\\OX\0\r\zЇ\0\,^gΜ\oh$+A+G)$&8$\:j8GBP&H\rv&Xc%p&kTVEcU8F	TF\\8fS\ul$\ur&7\.={v\o\\\~\;}\P&El^/HT\n\'(JT\'x\\\\ c=!\\\$ZCjEW-)\@\\ZyZGBɬd\y:d\\lz\\EezM%-\\%^$\*!U4uܵ\u,m@9r-\z\\"£wD}\\\7[b\nW\\Z\[nJW7\x\\0{oєDJn8c%14eUJ@%Sr\Dke]sV-Zhm]q\O	@\\\\ŋ\\_#\@y.0\\\@8tď\\9e!!ɿ^|\f}Kv\M_{\\\y\W:\ހ}[(q;VB!T8V/@\E\bA\oɧ[I\t۸FLh\\*M@v\q\Pt=aCH\A\dw y\r$C\6>\6^\~\u\s`\iN\=7$`o\-Pvb5`Cx7fU ~\B\\hL\\\\r(b@\n@\؀`]@k\\nN@\\0\\n\!\q\Zr<ʞV\S\X3v~؃I`\*\Cf\tA\I^\~;J`\~\դU\m?\ 1\Dg?+\rȆ\0%s*\rG3XK躜2\\9\mJ\)\ق5\F\\\Q#	M\\r\\5P\n:k<D\0OP\COU\\Pt\*Q\0{\{P\\*S_(\n`%\nx@e\0(\\С\1*Y}\y\n08\uǵ@\\\л\\/9\\e,5,\	ӯ\>\~s@o{\\0Qk\\oݾz!6\\>\XI^;\0\t\\\/fE\ee\?bx\.՞	|Sk\k\鏀\0&{\=o\<wZ}b]ڶ\0\$f7	=[1^)~\0$21\\\ˊ=1$\z7\\n|3\\\+@$f\&#\ڣS\Pm\nɽ=6\@Xhk_gkV\n\qb#\>ꐇ!\0DRGRw$\2\wH(g\"<\gLo\0|\b˨\`\0\'\q\.kׯ\0qS\>{=` \0\0\0\0\0\0\0\0~\0\\\\\0\0\0\0IENDB`'),(8,'Sinh tố bơ',35000,_binary 'PNG\r\n\Z\n\0\0\0\rIHDR\0\0h\0\0h\0\0\0M;\\0\0PLTE\0\0\0\\\\\갏A{4\\\\ۄDVdev\ÏǸ+95Khlz?I]\\Q\\C\-\<K)!6?\\HºE\\N\\[\\T\\f\\_\\o\\j\\s\\w\\\\\\|Sr5)Wn`|gnu| \'3\\v\A\\L\\a\\o\\f\\]\\X\[\SjOZ\\\\̢frȍ\\\\׵\\\\\\\\\\\\\\ا\冸O\\\\\\\\\\\\\\\䪱J\\\އ\\\ݓ\\\ݞ\ٗ\֒\Ќͅ\؉\ԅ\^\\m\\y\l\}\\{\wU\\\h\q\g\u\nojhe`_aT[RVFS=JLF3HEEC>A=;::;64:750/.4.20BE),~\'z(w&r#o~\"ly!hs\"o\"%re(^OVW3v:FC\"8okHWY%SM&f,x:G\X\\C\\-Ǽ\\#sPyr~.p1T\\U[\'LN\Z\\\\\\݂DEFcp/\\NP\\\㡝d]bX+S\0\0\0\tRNS\0(ׂ\\\\Ӯךߐms)g;fXD\r\0T\'\0\0R\IDATx\\\\k\`\I\Ģ \֮\Az\2\ne<\"\~(xt!B/\#TR4\\Ad8#\k\Z,l\)ۗ\y^`1\;D/99\g.MMVݼ#\'9u\#3@Wh@\\\\-&zEG8\\B7p\\2ר\*enй\~ha\\\r\Y0\9\?C\\Zq\MAچ=@ClѴ\rDX;6\T3Q\̿n\x;WyS!\"K\kknA\n7FKB8Ť !?\no\)1\F2>s\Z5|$D<\Jhtvq\"1qڝu\L͑\<>vn\xM!#qy$#\\\\ \\\\ϳ\\ \\\\\3uC\\KCәC\;\0Gl\uhdaw\0[\/ Y˅§B\{\\!\X\\s\/,-\V\rl\e%\//-^xerRZ\\/\쭩NlqnܲV\g\ote\\\\4\0\o\	J\V\׮q2<\ڶ>>ww\C\Okn?~=_\\U>3p{\{=ճ\\hz\`\ngq\i\S\p>xiRb\Ro\QVgǿw\\95P\",Y5\\[p&5vMoz\NM\\չݝAMw\ 	v\A((:\\\P\z\\ugWQ~\S\~wS\\ӎ.\|\\\(>S\\\\[\n\=\\EQ\oGh\O>͌чOyA\K\\kA#AoZ]Y\``\h$^\-K\Z\2\0\ڻ~UB\\\G\\4&6L\vgh3^\Z\nkخa!^qY\\\D>\}DyU\\d:x\PН\E\n\?9ʄ\\0\.Fs\k\C|\1%[\3?\\!\0\A\\	I\\\\vԫ#_\V\\W7G3Y7\h(\ow$mdhȐfJ\0{\0K\\R8R-r\\7c\\\n\u`S\\*0abl(\\U\8AgycNG\B\Bۧ\\r\Zlk!yq\,\<\0\\34mSm\\?f\\\.\k;i4\\\AF\EH`*\lg\\\T>\\\o\\\\T7oo4\.WAr\`7b\	^gp(T$x<\\޾!:\-[\Ɵ\\\\\r\0\Z\rZ\r@p\nL\ox\\Tu\\mݜW\'\\~K\AWw{` o\gy^r\\\\d\m\\2\\8`k<\0\0)\0#\\>-\Vҭs*+\\\\|ᠻ1\0\0,`fﻻ\i\E[?\S?\\yIVӣ\Z\ \'\	\!LPd\-Hۭ[\L:\\^\Ϛ=^\\5\\K`\\d\\o< -}ﶔ\\z8QJ:]k f4/y$\\: -\\\Z\'T\'_=\zCB\}\0d8ϼ\'Ex۵ҁxw\\\N.\r.p[Bw\HQ\'A9 ާi/A{`\\\ڟ\\{\\<tре\\`\\$\I\0#\0\\0MM\a[\\9p\'7\"tXIģg\'IH\0!CɅ#p\\\\*ݥ\:\'}Ԕ\Nn\rv=i;2{ G0\\0\nB8\|\{ExN\\\\\\vЀ\َ\#\0\p0\\@00\\\\0/\p\]޶v̺\u>s`d\}jDh2L\F>\q0\8\0\09\\/\ⷥĢk\\տTC\k\\Z}\R\\r:!]QH \0L8\'\0$< \=\0\\Z۴\,??5\_\պ\?ٺx2\r\$0h8  H\0a p\p\0.=#\9laλ\\WrV\8\ۤ&u6\"4\)#\0\r\@By\\0`\/Յ6\"\ɻ\f\l\\\pQG{#BW{\Z<0e\n\'\03\\19<\0\/\\83}wi՚a\\\Z\M?\UFf\n\\:\0\0\\=$s\aNvf\\G\\\_]N\\-\|_h1mtCBS\$6܁\ {\\%Lf\0\sG\a\U\\>{t\\pC{\5z\\Z\~\Ә89\\0P\\0\ě0a\0x׶`o)S \U꿃Yc.\[1`\\=t{\\W2[w\ֆ\Z\\0\{\0xI|\70\r\ndن˿K[\\qr`\\\\}яXwTCBg۾		3\8\AaH\"MLfӵa~\\oJw\\w_xő\xà\\\\Zz\\\=\\x,\U\0\0\0p\|P(~B!{0\nm:$\'\~\Z\RKFoM<zp\kK\\\{nb\\0ȡΆ6M\\0 \B\L\\Μ?d@\7\vm97\6C\\.\'\Z|\rA\\dIOD\{6SF\\ط7$tvC\0L!\A\n\\3\)\\ڙZ\I\\'\\rL!\0X`sp})\R􇵝~\\M/.\7\rמ\4b\\G7`u+\\/\".\ʇ/i\r\\d=L^si`\\\\_y	.A4\|\Zpx\\'6μnk\s9<6\\X\s&x\?oVr\\nS\14\DwUc\'Ix@a2	f\mk\n\\8V77{g\\~̜X\CN,%\0h\u}\\\'NX]\W\hʔ\\1m9c;\\\\d\Z\t\0\00ap[J/$\Eqfi\i\3\n.&4\\\Kn\P\?\\	\'\Xv\\q\\yҝnWu\;\9\=2	\\3z\`9|,yҦ\'\r>V<(ñ<\\$Ԏ|\ج{\῜\\wv67*_͍?{\r-\\Z\\:\\n\0\0\z\0\\\\\\0\"S\#0F2{&\m\\<:@&3:\z=\O\jK|fxR+56Nʋ\\\*R#t\\nQk\\'n&\Zs\ġ(,a\\]ޟT\[)f\D!\\S5&ԧ6\\.K\W\Q\Aؽ\\\\\\\/\x\\Ksѻ5C@įGC#::K[\\!\4\sg_x%&Rݤ\==\$bR>,}D_[\x;\\\zaCW\d\\JS\J \]z˟t~\Bvj3\Zru\v\	yv9\0\\<\XDx\\\\Q\(v$qԄ\;\4t\&T\jȂt{\0`Қ\'`ꩅ#\8\gu\%\8Do<1\ǚ38\)·>\\[ryP\N\b\+\r+Lg6\-\@{9#\R~3Q\\\0~e\";:H_\.\\i+uJ\K\SuGѐ\]E7z\Zۇ˾Tz~ŔӞe^Oi\TnAMu\oKLoNJO\H\,\\7\r4b\0eq[?\,\>\'y\..ү\\!z,4\\\`p,خ3\)w>\_F\܌\\\\+c\\\n\r*\-9ǥ\c?鹎\cB	\cCC\\\\\Y3\\lⱽl\rն	\'\iei\!Ѽ	\\y\Z8D7\D\Gب끏l\3\y\,\ZJ#,ǹHgI\\O\$^!Gq,\\\\kN8l]3!ǽ\wֹ5LW\\ﯮs\\\{n\\k\\\_\\y>]Ѥ\\АM\n\9uL\[sx\\y\[mb\\\	\\Nүx\'2+1\\Nhz9|\\\\ \ 8\'^s\PwY݋\v\'9Jڝ՞ro\W`\oZv}\\oݠ͢\0\x&lO2\'!\¼0$\Jsv\Ŝ><i\+m6\S:NR.\rs9\8\[TiO\G^Mwa7J\*#kٶЎzk\=~\O\>[:^[\\>Jk&WGӘН%&\0\\q\r|{q`>h\\0\\\ɧ=\/\\\\JC\\8Lp\J{\g;sQLj̄4jYDqXV\\r/\n>f}\G۞\Ud\}\\oA\Z@Db\"|\\r	\`\$~\\P\n\-@d\l\l\||\Z%\k\~ω\S\2Ȳ\Z\0z9u\I@\'\\nqRM\\_gp+%ߋL\B&A^cت\ћ69\'96L\w\\'b%}g\y\J\i.W\02\CLdA˂lRx0HEKX7	`r\˙C^G&fp\}\"\d\\GI	a\yJ\㳍\Z\\\8;:DQ3`9KDi\۲\\\!\0!	\\X;\,<r\\ \\!S^\\ӡtB@oF&Y\\V\u&\'qLKksja)ɑ\o=_7֦]\]50ށǐ\ɲ]sV^s`=ybg\ܳ\\\4 ^|<\[\'Ҷ\\\̅yA/VFV`PT6rc\\݃\ݻ#\q;r9\.P\0\\I\"\X8	2k\M4tg0!Hr\.Ƅ0b\\\'\\eΖY\\n\\\y%X\Vs;˱\\\\\\_\M\\Xv\nUU\&\jɎ\!\06zėc[\\\OMCw\k\2N(\\0cZ2\"\Z@#qy\a(hN;\\\]`^0\g\\?sXN8O\	cd\:\M_\CmxsM+2T2磗|m\n\\%|\pܹ&;\v\7\}0\0Lr`q\\\?p=Qn[o\9\\n	X\ǔ\~\Zfx\\=+\[\0\l\"Ò$P\02\^efr1	\!\'	\\'Sdۊ\Zr\\նlA\D\2NJyG\\"\0\\\\~֝xK{@\yc\\YF\ܼ\+~j>\9y\\\\\\sg8	1\\|5_TIBv\\˫\0!x \H{舘0[ȓ˛,\S\'٪\\04[+\gϭvLì!ec\?\nA38\\9H\\5ϲf2ēnvkV\rceў]\@o^j^`U2\\)r\\<\\\0P\_zӽ8\_l\\\0f[α(y\\Zz \Zl!f\c\lLgnyvF,\t>6?cL(kH4\(:\\0[2p@xI\8=g,\nb\f\8l\`\=\0x\0C\a.\Z>LX)Ύ\.!ƁNxG\` !o\d2%,8\gu\/7c\\c/\\̒c׺s\\\\%9I\_\\Oj\1\rkyoVRڳE`ಌ\5kXwѳ.\Qjd	{Z\膁\\\0$9\0Fm y\\\\O]\\`\\Sd?y$\?&p^i\\'53B/o\\\n{Z\\NqeY\\n|\\r/\X`F\Wm\Z\Ӛ\E\\ЎM\L\r:\"\0L \\	a	 X\/}=;%8d\{_oLג\c\\\Z;U~\G6[[s\{\L\r9W\\nM	\AV7%{Lhj.ơ\<\f\@з\\n\`e<	 \_.\\BmF\Xg\q\V\'b\*eN9_hܴ\x\Uz)4eI\LkiU,>\4b*\MJ[SC\0\\:\0L\\0\f\\04,\\0!/\\dqow\Yv\\s\)\!\M\P \$ҝ{3-}U\Z`)\V\<\=ʱ:!\0Lu\Miy\v\09T\Z\ZL\l\L7w|\\(F&o2Rk\\XysC2HWE\0\$\<\\\W壜Ñuvra:\`d\|\̃IpͪP\|kK\\ \y(4/B&\\`2\<\Ώjo\O@\Z\hiV/e\\>?\\/갻?w_\K\\\,,\\R\Us}=IBRלÈs%ԪB:\"O=SO%no5\h\\\0+&ٲ\Z^ Ȳ,L\xaܞ\R\\\=\\OGp&ߞ\\\ڐ[o\\\VDq\rAC\n\r_\n\\4\ȿ\3Oq?}zP-\p\>\luT\'\M-CA1\\0@\|\ZPV\\\\c \\miJ\O3\j{\	k̫w?\\r\#_\\n\V^-:#/Z\Ze~?s8Ñ6\r#C\堎kn8\\Z\Y.Xv\\2\3,\b9\ǯ\59\\T+I\8Fp \4ĨZCZ \\q\\MB7\uswsGL\Zy\,<mHu\[\T-\chR*\d\pxL|̈́{\g \\\?\G.\\vݭk\\Q?6^		(3v8\\\Dsa-I)\\kQȢ.\{\S\'\wؐ\N\\O1\r%\rj\rq}\nV/6@a\0熌$del\\v0ўEρ\\'èp\ʻ$&dIBV2U=\\̰\6W-N\\0肛\G|.AX#M#de 3@s8\"ޙw\\0_20i&\W#R`\\\3 \0\uR&L\"t\\\z^\*\iS&\ԌBk;\\\0qg%g\B2jۑ#H[\\Rt\V}4\";\@;w\\Irʙu\^\\/}\+sF`&\01A詓\0#\\\0!N\T\ޫcսR\(aFffU<ఖpP\\ХnTH>st\\օ߽PdKV8\\\8\\~!\0\'S@\0\6)JdMY\z=,y\_7aÎO\\>r;,f\z)VV\\K-\p&B^~XX\.n8kQC}v)pHu$Y\%\PO>;&6\aˣ%<\0hV8UӁV\ė\8B0@o{\aI\֨UEG9\,\\\\Zgr@\\d9@7Q͇C\@x\\2\\0	Ntqᄽ[6!a7\\03\g\@Yq PL5\0\W\'\"\T-VQ(\<\[\2q\;\.v\a\rte\>̗-M\0\\"\0y\FB&\ #+\\8 6P\줗k\\\#2 c픵S`m\p\Gc	j05P\2\G\rP\\d|$^q,kE\@&j3h(>Ã\	K \00L\0}$rYV	\0,\*09wpb\|1o<̂~1yV\%\?[0aGH4U\0\Bbsu\Ho\\\i2o	`9\\pM@G\0\0fa`lʡ\BcB\G\\\'sҌ/䒋/<9W\\م.1\Xz\\XT\\\r˃\}\BWlF4\"|Ėfij)M\\f$2rCZ` $˲\0fS\/`\00<D\0 p8\0s\u\}5F\\n\Ͳcx\?\s]l\w\b[¤~]Xv%ׁ\0 *8?\rFZh1pT\%)\xҐ 0d#0P\\2e Z*j\o\u\r+OMYV\!]j]M\\\;`x\uh\\j>\+\ZQcMt{d\A\AXp#5eaJd\nx`\L0S\u\0﨩Lå֖\Y\. 5l4\b`g`\ᙀ\0\f\nuK\\Z\{}<\\̙f2>㌝&$u\8v\X@%_E*\n)\B\qp\'\0\\\nxA5-	HPS\mlg\L3Og\\\\Z׏3>\-|\]\\\\\\\y\\\J\X\\~J\_yXX%-\\|^-üӔ\ P\"	DE9NΝ#\nw\\f\(\x\\\#S\#ӡg\Pj9\z\4}\\c0IKqN\e<\W\\\'7\ħ\\)\0EE\0F\\\2qw\h:pfkn\\\\vݼ,\\V\NκcXA\\c%\\/Nh\\L}\SLG\nǚ9\\0\.Z\\)\\vk\\\P{F\Z\\\zA\ۧJm\z]Z\GRUa~\\~\+\hWK\nj׋y\\9\\rr23R\\gHʡW7 ֊p\By\ND\d\\\:\JB\\n\\\w\gx\0de*\nT{\pf3p[K,8,:GcJ\mZeHZ\WNyĊ4~\k\W\8)|-߇\0x>\Ҝ\0ث\0#\H\ڵ\FcBT\\lza`r\ـ\\\K)G-\\BC-?\7D\x\\S`KM~^pK*R\ZGfڸ3:\0]\|͌u\h\r\\r\\\\^\\WzIڣm&<\~\Z?lR\Z\sO,₾@\\Gp\Պ\8\W^fgT\\3pеC밖\nx\rmgj\#_\'XhRI\C\iH\;J/<\֓؂[*:)1)\\*IRٜ8s赤\0\X\e7\\\\t㥪~8&y&u?[/ѐ;G>\5T\'xDp\eu\*Y@?,%\'`\F\b\ހ\\[\\\'\\rw;\c\׾\\o{\0!<ģ\0\Z\V\UT$*Z@\<\\\n\%\!\2\ZkWZ疚ǀ\'zVk$y\d\;ԯ e{/\-D\uH<dEUJ\nIQj@\\\u\`ֶG\<F\[\Ђ\ƽ\\<l\~$\\\ux\ͻ\O$\AgK154TAq8p\\32%ռ7\"\kf\ondY\܂o/\{C\\7\B\Gyٓ\\L@?\"ѱB$\@!\'\\)sJ=aPʳoH\o\M?V\|<\ٯ<\\\G\\\\\\J7\\.$B8*({b\0D#\)X;Pr\n/\\r	\\ͣƇ&7\H+\<~EOs?\c\ïS\qAVAB΁\ B\<#\\0 w/pml\UU67nܕ~\\\o{\񓍧|\\xI\\\:yPIs\Z\UZcISPJLN8\0QغXb@\ޘО\\bӫ\fs\,_9\^p7\?s\A\\\\?¶	g\;Cu\h]Ar\0\0V5,CYoP\޾\#9yF[Լ\;\\c=\T\06\\0&\nЫ^0\\2D:*RR	4\(A\0Xb0yB\۷\]\{U:9y_\V޻\~\+/,\7e\i$$i	\8\*VTU\Z\\0Nϗށ)\5aXVuO8yF\_G\\\>\+H\<\\zS\=cF_\n\mfF\@\DJq\v}mj&ax#C?>y\Vㇿ!ݫ\R?\Ke>\>\\?\O4]\\x-$ҪK1cc*\\\&:Aİ`Yey\7\ɉ\\\\\>	\;\ԁ}R\Ԏg\<+DGUQB\B+\R\'x-b=a\\r\\_Zu\RիA}\Z\\>tw͗\fϦ\\\1ٞw%(\p\\	\0Eg3Qpp)` \JGgax\r\\GW\\\\{U꽶|\\?\'>㛵]\\\{\b#I7\"XjT:&\8\\#%Q\0D\rS\\\27.F/\M\\>R_[\\\rf>w~6uW\\[\\좬]l\B)\tzb\\+=\72l~槪ߝ\^5<?tP\`ೊ:/x\\n/\j*)(VUGQ%\p\\\8\\\m%XO\|}ۿ\[V\\VGJUWGOx\t\\\|iMpH(1KR\"W\rBn\:ag`\м\o\\Mݥ^ں\PJ\ޒ\)؎_Z\'\0hRG$p\4}ͺ4U\:XO\\\82}S@{\CCC[\O{^\״z$^g\傖|=\rm\2Dk\ZΛ\סOĔuQkoh޾\'_|\z\O?Rx\s\\p\0.\	\\f#b3\nbI(@F-8ZYR\\ͻ\߲\CV\w_\\}Ѫa<&\ml6T7$!a\\0\Z9ҔWHKJ\Oxw\0\z\/\\i??\GaX~\w\Z\㰖\~\%/ռ~@#WБDpD9\8_+\\\\0JY\}z5\G\\?>oWx\Jj]n/PZ\hQ?2ZG\0\r8`\\c?\D69\D-Z\޳of\&ύ\\\\/j\߷\\dxԅ\Rm\S1j\N\G\\[i\\aW&͹jI*#Z\\|\0<\\<ģ\\?\\ޟϴf\ZS{\@\r*al	5M`; 	V\T7h|oDsAn>?ѡ\\^l\\Z\\04\`Hh#4hhXVZ\\9C?\SCMI$\|3Bs\M\9J\29x\W6(\1\c\\]S\\׎VwЛHX\웶Hh)ƂIoNh\0\<3\\\'£\P\VC\Z\^7BwH\:G+]+Iz\hŶ\\\\t\4\nm\>\ywV?\rCc$\\Z\ZVVIMG4\\&4E\iSL[L!fWOz\-\|\w!aU}\1\rb$MK\\Ootz\$1ʚv~9\\\(wxg|f\\k\?\\\0\M\[&\4J\\nVc\\\\ \\\\Z֪al\\h\\\Zn\\r+z<VXA*\\fO\rP\01&[\ei=\\\MC\գy|\cH\t\ث*ձ\0\S\bX&\\pe\e\+\'\5@	<\cUn\"=Ձ!5\n\\\\\\\yN\ٷ\\ÐP\-Zi6\\jz\7`+\0A\nDՏ\n\tG@Ze^$\O(֭>34,2)i<ܹ}~\\0ԑ\\x<\n\q\\M&	\\T\a:qح\\\Z8lh)ݾjXj8bE꠮]*BUiEG\om=mLɝusC\8\kݪ\\r4_zVd\\\\a)\\X\իTU?q\\\:ѡ4n/MS_\/]״\ZvVI@\\`\R\ڊձ\WYpXű\t\\XztM%\Z3怛?\\J4&\\\Z\<DT\\ʊ6\q-i\\b:9s\ʱw5fZվo*}h4\ԀT\&\𯗽5\IV\\\jP)V\>\\ea\\z\ǁ9\%\rze9:J\܊Z\\\Zh_)\kCe9\\\\2\0\Co5F+\+\\rKJ[\̽j=%U*N\!X50v\=&?\\?2Q\~eYci\"$%Q-J*a1X\,ZaJTtX\\rЏ\y,о\Y\\zm\c]4S\ZD(JAo%YP\O\)9\0\u\ǹ\\O0\!cikf\Z$JW݆DZ%\nU\0.\8\\0o,\k\"bHNkmV,hz4N\T\m&JQ\;\\m\\K\_ܓV\z[J B4z#V	\V\*mIW8\oz8\\Z\X=~YnB>\NI\C\\V?ߝ\\nUKޫ2ZP\[\.\\\\0ťIs\B9wdR\\4\7\zA4\uM\Ы,\Z\\E-\m=gJ\\\Irr\̐\[s\w\^\\>Ͻ:\(\ZkU\$tbDǡ\y\\=\̀C}\\Ic\"̛\>>\chM\\PzU)Л\\Kտ?\\N\\D\_Mb\^9ʦ9hr}o\\\rؤ%UjAgwJ-ѕ\:s3\\\W\َê\\;u<?\4,,vlr\\ܓV\\\M{nJ@*^\Z̷\\\\LAN\\\q/~\\\?)\p\~mo9\=i6\7\<\mI)(U^]Y\V\\3N\1\\.\Kܷ*ɴQ컜R\6\\(kskh\`UPzu~+\Aguf`y\y\\Fq\g-\޲nC\rˉ:\\)(\>Fov\V݅MW\\:XN_zc\pȏ<\>+\2\\\\\BZw\\\'i(\uAR],旒Cٹ{9\\\=\\\˲[%k>]\\6\\7PZ)(\!zw~k?\+\9\ߺ\c}M.oW\\"i\\Nlc\\*\b­\@(R\n\6\"\"m\\\"n\;\\ھs\\zHE\wy\\n3v\ai{o˵\;аa$%X5]\&\\\⁯\Tލ\\6\C\s\}}\oqy\\\ZT\v6ضqͣ\\\..\rHI\/(;\J2m\?/ǻ\\v/vܹ\asO擯;p3ͥ\pI\~\K2Ýq}m\yY\0W!\q\\05ڌ\u?\R\\Z\WJNWCM~\?0k\o^2\~iQ\\\\^z\kum\\^y\:\\zE\\j\-\?O#\0WO\\d\D?{ߥ*\ڸdЏ\5\~\tUR6ߘ\\\F\'ܩ\\^w^4gͅ>\?{ʒ\j\z\sU\\'.\0IUQP}s4lN\\8m\\0\8Rg\\1iP6W^\:V\S}{JG\a_]?\\W/\geLP6\0K6\i5\!i!\y\I\\!\riIp3?\_\ZLt\\O=\gn4ǿ?\C\\6h\\r/\&m%TRM\z5\rCKQUVΧT@o>@q}\<\3\]\E͔_y\oN\)+L\\=\6mX\\ZH/Js\!QګRmQ/~U/\$HW\[Y\\.\{,r(IT-\\\w,ђs\v{Қo~\\8\t6\'.!cW`!*T\DZB\n碷\k\ yV\'_ހ\_\E\B.\\K\2@QVDz\ǣV%Te)W*i3_=\jC\\\\\w\\Wt}\6mM`tUv\-uvU\\On%DH\ɾy&ڻW*`\|\e\g)\\P~S}N#\\$\0C˘DckiM\Z\\8\wj\\@(\l\2B@*,K\P\a?\\\+C\v\Z\r\ޅN%;=驳BIw^F\\)+J*Z\P\_Z\s&\\DkDoTQ$\\0m\sר*^::c\X\r-\\ko]5uRE\\Iu\DVF\\U3(>+/<{9M\P(\|\\nɭW\]\)骐\U\0C\ع2\P\xG.%͍:9\nKͅ4?O\Ǡw*Js@l\\`\T j\\rB?ocj\0\\ߝ\z)EU2\C\\\+AZpV(jPܼe5%\aj\\5\\\R,]WUE\\v\n=+\0\z>\r\\U\\\\P_p)i\.\\^<\0U\r-\gRT1Ҋ[+^@;\֗:\5PA:j:]VWUu(R@;eB\0\Z\\?\B\Z5j+\ZzmJ_(_R`{º_Q\\@:1@\BxoCK;F\ni/봠j\]\\E\0j<U(pF*\ک\n2;\c?\$}\Z*\ CT4NOq\\}\B,\E\9BoW&K%]kkT\fH@1\0Q\\闸ǱoP\:fd0T\r`T\ZX*\p\	-#Pz˛\>@9X\\\֡\\i:%\n@M/\r}h{.+4C%\\H\^\\Ĉ{:\7Ck՗BPB\\\@Hh\.zce\~\͠+\8\+VZ3j\\\[dYRX\*ŭ\9kd\a\\\eִ8s-ڐa)dZ\\P\z\i;z]\rE)t\jL\FݲTk|%)>9T@\PcZ.\\,o}\h\0JԲ7fefZ\3\05/\d.\\ІҠz\EH/\Ҋ\lJ0jKb\lri.F\Z5<d\0|\\\\\U\\yP2v4v%up\\\ZhaOfƖJ2Ůw-ͅ:QW/\\\](`*\0g|\~\\:\0x\\BA1I\z\\+mZ\\NTWs\\PTA5C&|\\rP\\V\睲TO_4\P\5$\ZU]\ \Bj­_Uz\r:(h_py\	h\܍V\C^CrX;ʢh @\0;\xB\\?jP\Z|\C5LmXStZ>QT\(;28ޑK\\(\O􂠨$OPڵA\0\n<uFaOoK9 G>H$CPh\ش)\-\nH,\0ЗK\M[(hHDM\PKHѲ\nPTUف\DEW/ܼ\\\k:8f\rti\Zd5K\\0\k!\0zK}\_#@\0,y\CU\\\ZkIkm^\8\8S@͵T\^l@YLg//4\0c0V\6F/$$TtL2\*\C\\h\Zf&K\\bezKRtgKg\n@\;#\\\	\Z(\\n#i*\`\J\0T\}\ȒbF\\'.uG\sU\݌T\͌ꪎ UU\*}\\\Ⰵ\+f\\'zu:jz2beLZW-CZ\Z$W\]5\08\\^\D\ע\}EѦ)U\җ*ͫ!1@>Ku\qx\r\PWݫ\R\u(I0\İ\\˲T_\bű\nੜm\~M\0^\2C-\ \0,UJRR\n\0>W\\n\`r\\bh\\Z!c\:t!c_nQU)@7W/(\1X\n\n`qoj\\\'1-\RU\y\}UWuGΡ=\\0^T\Q\7/1\B(4@\\n(\\_\\1G\L\'\\\d}\O@\0.w*\r\h\\_G\\^=u;Z+P\im\`;zu}7\\ͬ:\x,hu]O1бRv<PN\o\\j\\0(F:K\4\ri\\oڡ9ĥf\@l\Z\\|\!\rh)Ռ\Іֆ=\6\\\\RC\\\E\0⨺\*hոa\謎 .\^ڢN\wP\\\N3\n@g6ȸe\,}nj\@@FBNב\ԅ܀;rR:\r4̆BdA\t*\nj\Լ\)\rCG	ZgAb?\Z0\T-$\#@\\y8`\e5&Zʔ\VKtd\x\0\n\߼\\|4B\\A\aߺ>jh\s\a5\\\0Uw\\'\ZbA\D\ZH/@P\\:\M\/e\ X_r\\r&L@Ihј$\n%pΝ\:lLX\\\\i~\0N\\r}@Q\' ƍ\Z$\\h\0\\'=f\/\\98\V=W!@\O\σ3\K,x\C珴\Y	mkh\r\ZJ\mї@\L\UqTaϾ\wPk93t\k&[,h5=z5\\wc+&N?\B\\^zhib@Tk2Tڈ$>N+*wPw\rC?:L\rtV\\7\ \\(U^\0ɕWOQݸ[(x\DV\֖\`!Jt(0t}\\\w0\{;/\\\%\\Do\0Dwa\0wf\\\C\\#\<i@\\F+\0;g\e\\e`WS|\\%6\"(t\0 MJR\Fu\ZTbAi\\nD#,\nl\\0\n\h:IS\r\n\3\0h\n,\\=zP\ryf]U(\o\~%48\U\ZR9\\EW\n\\~&bPit\\΋(1w\!Z\IZ`\nrZ\Z=\\\e&Exxi*UƔ*-Kᢝ $\]7-VE\r<fTk(ERl\\\W\nM]\rG3w\:\\n\\r\\Z\9Z\Z*A\ 	\0\r\,6ʧA\\D\Uh(+6\ZW}n+JSiUsv&\{\ȥ\۟\3\0h)zU\dpE@\'K?\\f\w{\rԎW*\CO3\\0fMuZo9Y\'@\\Y0`\\?,7\W\\0G`\mSINFP5.F)(\Ì)cIdYJK!\W@ENÌyl3[o=\t\r֊#YA\$̳\n\ \엡+Pew\on׬\0f#\ա*Ug&,#\shR<\\05\0B&^B? `خk=\\W\\\M`+,fH$\\\>g)\0s\3\~}\,\\p,O\'\C\(\00\\\\n\2/%XM\۸Uc\\\ti0Sw\p?\\ǙY:pD!\n\z	\"SX\}\g_6b^\}h\5F+/zS)@̴XfBmu2`Цrw\?Y}\z\"\U>v錪j\`Ǆ@^}\\\[1B\"\\955*\C0\zG\\r\Ut\Z7AWwj\c\BZu@\4\Ӆ\Z\\\\z\?=vg_e^Dy\4\((\e*NRb/]37r\O4h\f 15\0ZEah@\\;\|\h\{xo\7\C\\V@GU\-MJbxW\Z\w|zx\~I\g\W\" :JZ_:[,@*o%\(xH  UUiEզa\\0\\\⻘\rjJ\+^\%\r\ʒB#\0A_O0w\g\H	x\\\8*ib轫\P՚M2(Uŵ\nz\ӟ,Q7Jk-v\imEP,\KpS\0N\\p\Z\o\0P\0PtU0_}ӛ\j}\&{C\(\\އ\$\\PGw\0@u\\j0%\0\\\8}[O\\0\;\o\/\|4	XhYքaUI\\\p\0ֱ+\7C`uj5\9M!ue\\mV>\j\Uu\Ѹ|\n\+\\O4\gHJ\\nm3E\ɛZH\\;R\Z\nh\~q3`+nc%-mL: \u-٬V\ Kr{h\9PY3\n*\\nއ\\`\, \ءiC^=\2y\خ;`\l32wk\kWme$i\$G\2$h\\gEr\\o܇P\9\Xyro:C\4~9$\(\1\-g\\1\KQ>\}h!߈\+\'x\\Zյj&T`D1*])\+_\7ށ\í&prz{Ha$\k/}u U(0bwP<\\}hx\g\\mǥkUgJ_\,\/\\h\0wk\mE%\r\j1;D$\da\=}/\}h\0?\jk#22J\b[\T	A9\Z\&\\\CR\fu\n?\xX\ZW̅\|\ŋ^ɕ\i-@u#~+m\'7\C@\'\mz}qV\\ƒ4K֍\0J)\k㔠$\k+\\~|4/XŜ\U\'K`\Ɠ+\U[7a\!IU5W\\\h0W\\\-?v:\0Ͻ\\_\޾a\w;C\`1DR((\\7B}\\P~\\\r\0<\/g\\:yBn\~>\VQQ\"~%\0A\j:=\Z`\r/\\\U`M\\\\n\"\\/=2Jq\\Z\\\}\}h@\_֎ǾWyQa\82*@\\\z\|(cr?\E\C\%Ej;š	/TU\"d\X;٤\{\\_}\\s\r\U_\>8:|Mr\չJY_*\0jReGU\k\\\fw}nE\\<\r/\ W/\l\\n(UU\p\"\0k_\\<\U\r<gOǯ~К\پ\Q\涛\mm\9$fS\O9آ\nZT|\n֢VB|P4BԚ*DPI_D\Q4E*\\dm\\f7;OaA\\|\\\\\uRs\BG$2$ \\\`\0\C%-\Й}-~\\o\\\ E\.\RU%e֗8\vf \\\\`  \3N-f\\vDcZ\\\\\\\L+\hg蜑UĢ *\n\ZCNKEH`FuO\mwώ\6\Eg\y\\ʦީmiOA\\@}\0C~\s5\\EઐsQ<1y^39\y\)8q\gl\6P\v\քxp>G\JIDEqYtD>&iRS\\λƾ}]\ntm\c\\U[\'\\O\dcRg\^/\\0`y\.cQ!2\\ %\\\]\go\,>\\0g\zz\})rnD,a޲\5/\\\̈́\n\"\0\! k\,mEsA(?#]U39r\\K(\Ҏ*\|sD!\\(LiH_\\Wݩ3Ⱥ *(%I\?>\qvL}_wv\Eũ\v(\r%v>\{\+O\\\\!(>\ZcG\76tx|%\\o;+9٪_\;\~u/OF񜨨+/@\0{\H\\R\r\e\\G\\k\rc\\\;.\\`g\\\0~Od\\r~نn\?q\\\?\\Zx\b\',JDT\X5\>:~2^?tm\	㮎O_t\O^v]ɮ+DA\0|L\Be\!\01\O\"g{:-\>w3\\8@;:V\\'2\A6߱\[\F\\<D6ߓ26B\{f\^\-%{\\"\CT\HV\\0bh\"yA\x?`CR\X\\\ֵ]#^\rto@\\rSL \N\\ґ\'\ebS\8\-\Y^\A*\]z\2}\JzN\&Vp(\_\r\\\2\\jl\\N10\>[a-\KEմb|\Z\\'ֽن^М0E\@/JX\<2H/\$Y˞W\l\%@c\"\"\r\aV㮁3rO\e.\пA\U\FυL\~A\X\eYeYeY\\Gd;V\\\0\0\0\0IENDB`'),(9,'Nước ép dưa hấu',30000,_binary 'PNG\r\n\Z\n\0\0\0\rIHDR\0\0h\0\0h\0\0\0M;\\0\0\0PLTE\0\0\0sp1oש%!{r\rQPcb0=8RIb(9XZyAGi\$#\nR{[\nf\n:k!{(!u,{w1hgka1(99MMx{\̔\À⼖:COW*dAG̸\Y[\qv\\픀ω\\̴\<\#\L\\q\\]\\>\ǩ\\N\\d\\b\\y\\\՞\\|\܋\\\մ\\\\ݩ\\\\\\\\\\\\\\\\\\\\\ը\q\\\\\\\\ݷ\\ҿ\\\\\\\\\\\\鮳裧ᗜ\EJ\S\\\_i\|\it\r|狓肋\y~~wq{it_h}|vtpmmhhfb_\\WTOG?NH?770(\"0*EAWTumxgq\aj[b\T]LO@J\\'\OT#!6?\EL\>E\8=37*5\*1\*\ #\\Z	\\	\\\\\\\Z \Z)\"0*61;8A?ECLLTT^\\	\**\78\\i]\=5\,&%	\[?\rO\\(Xz /ύKΣTt8׌lW\*挑GF?EcrIQ쨬XgMw\ѧ\\\\txj\wx\ȳあؿ>})t#\\c\ºeg#Χ̨pk9n\0\\\0\0\0tRNS\05\\諥\̩\\\\sktcNI)\r\w\0\0wRIDATx\\	d\y~\\\\ӳ$Vb#	@DmYJHEBH39rG\$v\\\\(ǲlɒA˱9^$\\EH,\>4f뮮{\{f0BHPr0\tU\}>\ﺷnq\\\\"\E.r\\\\"\E.r\\\\"\E.r\\\\"\E.r\\\\"\E.\0|\\\E\3z\6G΅*Di	X\,\U\\tYzCW^at\ȼ{1\xo\\b\\"6\tlM\bp\\0#ga.\\\\F\ho\(&)..(LDd:l\"\b0\0\h钎_O\\f\\K\,>206\E\VD$60\S`\R\0\\\\r\lF\!}\OlX؅\|x\ng\6\ڵ]m,ĵ]LWFD\\xW`̻n>n]e\>M.i/vo3{g@\0X\6\ry=24\\#\'i\EѯO\q\\[\EtP\00ź\xo1Qg<\4-|\\\\bZ\C$\Q\0H9y/vf\\n.7\M\x\\#]\_\e\w\[\\vKTR\"a	ctG!\"\.ѯǗ\͈B\n9;,P!gÜ_ʋ4aU: (ӊi\\0ie\,\\\zvQ\\gwna` \\/G\\& \0Z\xE\o\\/U3֯þ[50\Iσ\7\uG\\0*RT\\T/\\\Z\\\\\.k6H\cL`۞\hጵek0\jޡ\Eѯ6{\zcgY3B!1+\\Z8n[ҾSS\sv8/\\5|t$\0\)B\Y[z0d\\\ДQ/\\"4j&tQh\wсs=_\0D\?	cB\(yFݑ\Egݵ8\z\@\\,mi\Z?KtPL\7%\\\\\r8hF\\QDQ\0ݖn,\q\76\\0?V4H\\?\g\Q\w\rzjO\Z}\\v\\f1iMZӹ\7=\{W\Wy\\ۖ\\rM\\tGh\\\*j\\:\2IMBfV0	\\C\͒\\m?\\wl\"\0:u\01\DCRnDH\\\qm^Z\\`{y|\o\\_ݒ|#|˧;h\]ݷ\\P\	a^]2\K\u\m]\T˺5I-\}qۖ\ws\nM\\mX\rTXۆ ̱\r\^g}z\]ff\FYW\`ݏ\*JA\ \00L]\0ro\<<Nz\\K\,d{9V#B\\\0\"\օ֘vKG\(umWΨ;\n\Jib\0Ȇ/@\f\\ʞ6\\Ecz\uw@G\0-ȉ\ܲ|~\}Od@\˧;\\\z4me\ޤmb\fBHX\\~\\\GOtF(\\n\BOO\]9&I\\amG\[yP\:\r\J.\{wǴ\Ht9x)25\\\6{q\>ղ\\[\j]9њLS\3\\AB暧k\fu\(KQ2\Z\\\+\A\0\@\KߘU\"\m\Zl6#\rԅ\\Xr\\]ft;\7\\Zn\\[\\\n&J9lA=\7\F\#\\\\w\#ka30vǈ\0\Uv&z\\\t\zü\\z\߂Nm\\\:iJ@\0(9\G2\\<\S>\݌\\%|A\,6G`\JfcsyF]L)Í4\\m\R6{Ӹ\ri;_O#mS\0k\n`X\f6\rԇa\q5\neu\r\0:Ow/#&\6_q`\\\n@[Y\zD9 a]sao\9z\0M!\}uI(\a%`\c\\q3\rzl(\kG\+\s\FQ\nәf5\\\Z\JD0Cа[/v\wm@u\#l\nM6}aw7qf(|\\"\0X|\ΥD\\m\\\\Eԁڗ)dm\fi,Q \0\_*\Ŕ\$1Kd;\Aד \0\C\BK~ \5\\\3ӲIA\\\\rs#䊍1\\6]\@Yk8R?5P{\#\\'-;+sy3pԵKmJG3\0\uVyCׅ [\ˇ1@!!\\n4s<CI\re\xx!4\n2\6\\r\͗/\r@\8pq呾Ǹ./\\D\~N9W\\`\[>δ\R;&b\\Jox(I\"MI\5P\'4N][$\\\"\{9ã,{M-CT[h$Vz\\8OKhR98\\\#\!\\nT\ۀm\a_}\u\Z*Fzo\_\\uň@AlɅ&zn?m	#5uά:\0(K\ے\􆋈\E\\9\\'6\;\jg³e@\(g8$W\\\k1B­a\-]\'\\\x&Z|\cJt\r<)U5/^>Pz\0ROBD\\\Z:ٓbd\Lk\_\A\\\ݖ\#kS\:t)\\\;Kh?2\T_\r\\\\ntJM\w\r79Xgc\u5 \ΑNl4e\@j\\C\\=\Dl\\<|.QZ_̰\Ifԭ[#AG\\禗Ч\m\'3d}\\0\n`xhciE@|\f#WԥGCD\\\zP\7?\nn\*2׻|BBk\?ܶ `9ރV\\nAѨzOmMBnn%\0[+o|\r1\^cN\^@ŭPwF=3tgY4\G\\\d X0\\=66«8\\A\\Xt\ZӇ\RPOZ\"d #\rXPǆׅ~\p\:XvRR2\\\0R,=r\\r	${Oy\7ӿ\oOK\E(0\2Cb\Fє9\B6\B\Əe\ou\nI\8s\\VgP\0\J\\$+ׯgna;<b\wW(\0̦R\v,\\\LOsEX\0ι\#\\dJj\\'\|ϻ\I4+\G +R(cJL)\\z9S)F\@N$q#뎑wJ\"\<͙QeFݢ\bbXH\վ\\\ÓL\2^XS՟h	x&F*\	\t\0ESQ\o(]cH\03uxTMAC\r\.<\'\$\0\Z\=W\w^?9\y[P!@hb\:,\\TaOY\\ț=vo1Q#F\\\\k\" \\S~\0\0(@PQ\ZЅ%wnaF:ka϶\P\ylY\0A\\3$WJ\*YRV|\\\\ǆj\n\y<Y\6	ے^`!Chb\\\"L꿑AxA\n=\\N\\8!\BnBʺ\\yj\\"Y\d\?]\\hM[ʸ\\!\n/&=g \\0P-$\zk;x)Dz\k	1\r(@+~Hۺ\U\\k[4)ea;\ \0\st\=jYOݮ\0\'0,򴅠Ơnyr1\PY\jJ*\u\0@\tL2[-\\\ovK۵\<pHҙ\Z\\5h\\	EUnuSS\|EP\eEu5y\@s$5\(r\\\\(,\[IIGr2H\\z\o@[0c\	H2\T\?\w;Cʮ:acZ0\#\6ͩzh\\-up>\FB[-\\$)\'p#\H\h\壮\;EN[\'eP[M͇\^ԝtX\"\x\iOn\q>jxh\\"\\\\3\\0#5\\p!6~H=\a\r\EzFaʈdur[o(DnC]b^ľ\hA\\"B\R>\r\H\͢(H\\Χ\rW|h;\n\?r$\02$a\/\\\nARf.Xb\q2mŔ\T\\Ǘ||\\\}@\\)[Ms;\\\\\\\v^wZ\C\1~\m\\Z\nf\!\0>9eѰ\\\(p/Ob1P\\\m$B!A\\nIP?N՞?(h(L3\gǛR|\\\)\O\$$\'\\>Hz*ʵ\\\'k\]C]kʩ}V\\+ЭĹd4o/Cr75pf(	>\\\>_]AY\"{.-OVmX\\e\S.\\\*(\\Gq}\\7v\m_clGܐL촺_WrWzDI\\\7/Ψ+21m)@\nQ+QG\4^-S\"cӦ\c$\\x&НS+Hy}z\Z<jNNGy\0\o-\[\|5<#ѵ!H)c̚\C\Dk\"`\\Bb\;IM\Z>\nW\'嘒&7\\|\v\\k\\\\Y4\\Ep\\tG]eA\h\\}9p\=BɛPZ\ob\qe8\\\0+\0\A\rP2ft8MIxt`.ѱևnEi\\\n\\1\\9VI@\_\_/9<ژl<&ORpE\09\w$\O\\c\\\w15sd&\c唲\\_j\\soq!&\A\LT\dG\2^\W޻x\&b\w\n\ˎ\gb\QS.\ԀsV!E\\蘂 DxS\Z\\w\n}\\MYSz&/\\\Of7m:!Ezo\)뢐p\\\.\\x\nEͧګ\"Bb3- הu\ƭ-,<\x	\	\\-:\\\"k\\\\0h7d\;Ǚlv!zn:=,MDϺߤ_a>dU4	 \"n}\6\%RjZQ@1*`bP@\\ڣB\Zȓ\"a@t\\\2t\\`P\\'\\\mm\^͇Y\r\ \\r\|\0򀀅`R\\NZ\ZZ\0![d4op98\\4\,:l\țI\)\p$z^=\pwHZdڔq\0o\\6\0B\0 ٍiR[\\\vt\\q\_\]O\"O*  \\elv\Z\\On.A&]\zN5҃vDQkq|u6; u.(M\*\v[i\\o\CSY؄ \\Z\p߭\\jfcNԿD??\6=4\{\r=\\aT\z\Ob\a{\r\Luшk\$\d\ŖńՃSus\\L\r\03\4^.KK`D\M\:3	zChz\\0Ѷ\)\0e=\\\Z\j\)մ,\ZJ#\\)\\T\0n\\y\NP4@^P+\t!]?Z?\⽁5B@SQp.@v]𴧠MAQ((\0\M\4 2\r[\s\"\LUcN	*1\"\^P4\r\\\$z\{|o\oDfţ7\\\0IQ.yq\0@xA\04\r44P͊DMb@)(m1MK0b\\DI\\\mٖb\\P6RH07\ \\\\\\\UV!$[\\*,X|J\0\\[pȉT!BNAhQ`nEA:\ZT	.Dϫ\\?UB0\\L0#Q\\n;^m\\\r+\\۬\\GE{2d\\\\\2)M!fh\\r۞sd\ca\0~~Pl\r\\kL|\n\0y\4u[ly+\[\0	\\e\0\\ӹWwq{@\,\le@w\\S\NDPU\}\ӽݬ\4ئRp;UЪ\$֐@@\4\\ᘀT&\DX=k\\$)Kh\0.<\\\~\\[D!d@\ai=@ 2*MI)\\Є\"h(&Z]\r4.̊0E\\9?CHD\0C`GwB\KH2f`*\\0 x_j\nD\sEǄ\a5J\xS\D->\ʟ>jR{\U\r0C\0N\-Үlv\\raBƌ\\\Z\n(\\-\\\$7tG_pW\0d\\0\~X[ۃ`0v<HMdfFQ!p\\!=%\rt\D^\CC`[\t i\"PĚ\$\Z汉9%*J<d<\DI!j\( Gc5r\gu\c΅*\0\(\"`\n\n\0D\=9f\\"mbg2AD)\	ts)@\%\č=7P<\AgB0G\X\C,It\\\A$JL(\0X`,aJ H(706\n;\\\:T\p,\H\@![^50:FUSܑuv]&D`\n`0(hTZ43\\\r\0\0(pL-\n\\\\v	M\0(K\s\< \n	hC\n9a\\\\Ԍ\ZEU%WG\{(d@=]c\E2\Zk$\8@x*\\e*\0C훅PI3R\..l\X{\ڒ\\]\!\Z\(7jhPcH\\\\\I\53h#\H(	)L&\HtG7\\C\Ύ\ \0PA\0\"\R]\\n^R5\JN8\\0\>K\DQTvDYAj\H&S60\rݽiv3\%\ND82S\}Vm9rpm\Zp\rUvHf\\nl\j7ڌ)^\t\_K14\ yN5͸nEE\aRZӌ0\n\Z8A{\\Ԛ֞5Sh	\Y=\$/x\(\/)g\4\Zhľ\"Jt6E\H\=\\,\\g\0HHii6{V=kZ34\ly\i.|\$Ƿ\e1L\\3a&\xO׵^59ȾРG\]d\P\0l	n+]\\l!L\֘v\_!DFg2bc\hnJj5n3g\q\wr\\m m\\\\\\\0ُni$rh\m\'\\\\Xjp\\aJ\D,\qި\ݜ3\r\\Iq2}\`\t\`5X!.5\\Yeن\0\\AO\\=\0x:P[T	;\0{Xb}0u\ť/...>Zt]a/\\n? \j\L\05\P|g4-5\\\\nN\"hF5[i\^X\Z\\$\\l&L&OOޚ8\rĞ\{0V\":M|s\HK<\A\T/W\&&\r\)`\'\6p#p`\I]),%{XԴ7\\r^D?gLzQ:z&TDË(\A\Ǿ^\\I``\Gu\F&\'\\0Nl,\\r\\n@{0\\]\\Y_k\\)\"\\ZDE.\\"Oh\'pR{\\n8}7>\־\\mJI\\\}h\0P\n^7Q\/\4\ZX\Eў8\'9\ea1YuX\_\\z\\Xd5P.fuMjZe0\\F\#>\\di hh h\{\AC\`\raI\=Z)\'DC{%,d!\\0\"\$_>:\t4GOG!)ɄN\k~:jx9&,)re@Z^Ȗ\Q\\\L4[&Ǐ6](Y[*hIڃ\Xdo{{Y-4IUJ Q E^_\~\\\_,0Ge\'\r\BX/I\'P\J\b\Z[>?I\QBBA,\DCqɏN\\\0t\LKQl[*\,Q\K8(]-~=l%3\"\j5dA̸!Le@HLW)@\0a\r]a\^\}ԶIw\rDq|oIA\Z\nr&2\l\%\Z\\1k)\+\pAn \\	&BRԵ\>ꎯ\Zl&isA\@AA\\@\ܼ>\rEXL\@\\VE\)A\|\\\[I\\ѫ\&2\ZCM\kjD\)d(˟@\0\DC2\0	\nJYYx\Xa2uod1\'2PUɛR\F*H\@\0\"/\0\Dua$Д$*Uf\\VfQnXr) \*IUjOZDE)\"T \DSVpH\0%m4kˢTSG\"n4\JHE*\S2\Aj5\rujy2qS\A&S \)\Z@0%M\\Ȣ\FvC\3@\J4RYY[7D\SZVPJQ\\0\g\0 *\'\'\}Ԧ\0F7>wF0GDC6S\\0BB4`T?\\6ѻL\r0TL\S\I|\\0$RF\V!o.\"0mAl!\\뵽;K\0n3jsYMaN\`f8(!(\nŤAR\L\\Kq\(+\{YH	H@\h\F \0	MhI\(Y\0RB\u*:;\g3\FH)YUR\\`\ؠk\B@L(:XD8D4\0-\ v9a0\H4$`83B\\EHRsn|T\\/\n`/8%gN[JD8BJ\H\"fȅ^\]G@\# !@W\")\t	A-T)8\\㼞\;`@\Z\\"\Uf7b#`B\0\\r7׫\9Na,!RDH\0\+/\\C\)3a\nLZ/\"\0?\Z\D\x=3c݀H\2}=.ȑ	A\0Q4!\0\Z\\0\\0;@v`\\h\:c2DLc[\'@\0^C\"&|	9p\X2(\Zf	q!E\\hԞ\'\	(\0E-hU*@E\\\șDp^M\Zg\\-1 BP	7z-t\\\0쒒\\rp\\Z\\Zl1f2VBvK:}xn2\:\0N\"\\<\0	pX\U&&i<A\0D}{\'\\\*92lJg`ήog\` xyy@PUфhH6QnE\'\0\\!\'\h\0\"8\0L\'\6J\\/\M(.@\oKHp$\"^b)5$s<q~0\0x:h\'F8\\\'H\%5q\\Zx\':sг%\'0\n \nsb\08\\jN;:y\=@+@\0\u^çp_/c\0f\09\g<ܳ=\Z1Gdb\&,\0\\Z\'\0+{6\\0\'\0\gp(psx\"P\"\P\0x]\m{Gq\^xc\\0  @9B\no<ܷ\أ5䕀\"f\\07@@׭\]8^\\H\2\\rϹ\9\(\aȩ-\0u	D\0x\rH濷B\\%\4GxnTS7$Y]\pYx]w9(\p\\F\\\\N\00\@ \XS4\\"fqsW<?y\0z.\>8\\"\3itx{D@D\Lи5Ԑ@\\\"L\F$\\M\\(2p\%\{ep@!fD\ׇG0\\#\MP@ \%^gm\"\\~$:\\8r\n\X%s\0W\\"؂L\oo33_yW}\ɸ D^\ڻ\%_9\ek0r\\0lh\n\Z˹9a_\Zq\6/D\08uzhȉ*]\4Cd\\ hh\Z @pc\/uq2*o.\\\0@H{./-ʯ\\b\"0̜	\n\ҔS\\09W\tL\o\\\k\K\nC(9 $9&`N\r )C8Ŋ3qrvioLM\\S.\0\qtziqГj\Ō0Ad \09\Hp\\\\\G%=HAF\0\\_\0\ĽB\\r\0\f{]/qN\\\r\0\<E\<\\r?W{~\\W^\Z9xU?;y0ӕ\>ĉ\\\\X\\n^\r\0\wCg\KK8|l+ї\0N\%HN\\0OЃ{\]8\M_֤[\w\\ZOtI-\0p\P\0\0Á\A Bְ\\1\R\I;P݅l3\\\\\B,|LZLo]a|f B/w\|\\\0\\n\0{X9)\ʶ\cHc(R\\\[\7.\O\\\\\\0C띛\_3\\nA`c8\"8\(\Lf\Zb\!K\"N KHv\M7\#7\|S}\mE\K\?\\\h7?\śx\&̸~ ~m\\\\S^z\2K\\FH+C{(DdD\n X1_;䢓$\V\'\ڟמx\\b<6\I\;]A\rxNu25-\Z\ZGC\pz0!ߋ0g\tpzώgE.BV\\\B\HP\0\rۿ}a=?̭$\%fo>qۃ=\cB\\hVE ວJ^4\S\ @p.1\i;\@($oDI\ʡc~\\n{!\_z,\\\F\\\n\Ɓ#m\)%r\P\\dH5)h?p\Nzx\\'sX\00\0CO\\Y~E3\n\0H\\	jdCl\Ɲ\kE5O\<-\f+\"`怿\\\\b\ NX~(l\df\8M\\\0;t^!P\09Ed	p[\n\&`\\o\\\!\\vWE{\pumkm3vE\zo=\n7ԣ&\"\\\\\\0@E(P\	h\Z8v	B\0\&`@C?\"lb\OW\t\\ʮe2!t\5F\\w\rZ-\\w󈽙ǟk9\\ԠHz\\L0\cE\)\ D(B9\@hD|<\P\ݼ:H-ӟ8uj\\)	cqaof\Zs=\\,\\H:أOd\\dv\#7C\,1Cm	\0A!8|\Z\0տ	t\\Oo¶Ha\l+\\ZwiA\\\\5hc\'q\\|BS2U`/x\\r>\)0<e\0RNeS\(\\0\\\rtFodЧ?\@gt\\yNi \\"eY{\~\\3/\$9U\ƏI\W(5kw}\\w)\ʺll\֒\=1d\2/r\p;_蹫{c42P\\\\:t	6;POR`Bq\g9\\AK\q,?4\\-3\_FGYq>6m}\m1i\8>\n0Z\\Ȝh0\ͭNtT \|\p\\@\0.#!l\=\t0\Ba{\H8EY)eD0\\\\#GǇ\\\@|h\Ճiʔ!}j\w\o\}SԸ\Uꪌ\iz&!P4E\P\t\\@2\^\"b@}?<{V\Z\01n o\\p\0N\\,r43]f\\"/}\<\_\\])\"PSVL6\bFE=w\%4VI\"-\lc=A\02\?8[\7@b7LK[\ᡀ\0O%\mOj\@;Ks\\\o/\Lix\?\\\~\&z\tN2մ.Ŵ\[`\"\j\80\mȯ8u\dH\el\%_Q\/O\'H`\0 o\\}\Gp\\"=\L-p<\3K\0\n\wǙ-\h\\\kM2ǔ\@!Bt\`HoB6jMHun	s\'j\0\'t\.qxm\D\䏹ůL&\"CbrG?\~, `\:VPϪ\MO\Z\nL@pB1`|!4Mn\\Z 2&.\A0!|Z\E\\K.]HoJ)ٍ2{\o~\'\'=>D3ka\Ж\\T8J\"%P?|\˄ DWʖb`X_4\xo[\x[;\G?**CtVM\n17!EӔ%\G/\\s럼\'\\'n\z\r\\n\\\/\\	\\!\|HdzC\0Ri]|\\0#P:\q{ۃ0\1G\\H\\\[[A\I \0\\`+d.e\\Z\g)x\\'!\)\0Vhw-t^\?\7ERU\\/@  \\/-\\\\c\p\hY=&IfHs\ݛ\\WF\Z\n\n7@\rs,\\nTu\\\'\F\0u\iNgvhw\ud3\H$?%gAn\ra\8^F2I,I&  |㫍ޔ\"\`\u\A\!l$d1Xx\)\\: ~\!c\\Zv:\nW2uS@3ɺ\%;byO\5Qs\\rRD8H\\\5\"\CIM	NIlQ1ĹDJ\ۉ~x9\Y\"ҡӱ\"$$\Q%\H	K;pǌ4\ǀ!\`\{zx3\\;O\0EGnMцH5\\D@\0\.\\t\Vw\0qf\E\Q*\Ҷ\0u:i?$\1Ǭܛ\͘\Xj}k$y\+!vB\0+y1|0ڹF\{\0HMA\!\nI!\)\@@g\XW\;\\)ҼLR#!\0`C#b\\[\}su|YB\6\?Lɫ\\767~x0\r^+Ь\LM@ūB<u-3#\0p\C⮷5\\\v[] %ԑ\WB=\;>!\c\\(:{+\"d!i)ì5w\\\\\\\i2\XG^{\\(h@\Z<\0\CvVi\\<Sx\n0\0z$ SHW	6 k\\p\Zzv%\\|\v0,o\ޒ	t\\\R9\\Z\n,g\n\%\`+Dй{txg \mцYYk<X\\=\oVFA\\\\\AD\X\	Do\?4<HQ_˯1ԪDR.QuUV/%\\a@\GW\\n\ <\ 2x\zX- 	\\nF=\)_&r\0V\$pg-tZa~Pin\	0ϛ/OE\ާ@7\<\P\0@O\\eL\nY8#7c	R\n\i,\F\r\r\\ɇ~\\a\Т\\\\\.i\<X[\\0\#\?\0r\`UEeE\\\\P>IҚ`1\0ʺ5&r\g7\~N~;\n@\0L\};\0\2@/H\\0D,\\J\>9U.\a/$\"%5|F\0JP伺\v0@\_&/a\":سV\00{84\BW9\	A\"\6R\02rt\3\>\C\"\r0X_ҩq\\U\6W\0\\\\ٿ0\e*Z-k\"j_\\|i$c٨׫ԧ`)\x0É\\[\\zw\'B ! \R\I fdp7\\.lͣm\\g~\ʄ\\\\\cU`S?(\[5c\rw4|(a*EY$ʪ2\:O\'LhQkA뮻>!`@\0ԥ\\01CK\W\0:\4).2\>cBi~@Rh_\;ԣ\\!FUO_;\\\t\'V\\LǱXX`ĩ5(}3)\\4:, @%!\0\\Z\s2\u\9Q\]CA3\t\\`Z\"7 \\XZ\\%\wc\ZBkw9&B\"\\\>!D{3\ay\y\ћC;\`\ɆB{[䅥ag3,ۿM{0\rt+\\Ym^H)2\\_*\Ё\R,\\X_,ue\Y\\	\\ \0$\puc )%\\!ݕ$e%\n=\ˆ\<\01[\wx@\:\NGz2wO酪Ι4\'H5n \0\n\\N\\\\)\V\ry4qbj\rvYK\\A`h\i!vxu5!e\ \N>ۛ\0N\\e\\G\G\g>|\q:V\,\YD7\&\.6\\{K;Ex@`\?%{mZW\\{{5=\FR8@w\\n\?\?\\\\\\0=t\M\S\3\\0\\'\0E\\l@o\rS\Pp\\x} \A\\C/\Q-^v\Z\$\\\\.TZ\߅]I*B\(eB&bP\׾wt\ib=\jT\+\O=\x\\n\*A\Q\(\0\\0\0\rz\ز|+\\\\'<~l˳	\S2,Þ5\0rY^G͡Ă	k/icc{,:FWJ\k?X\5\_=\ϐ\\$\M\^{b_gpPoӫ^,يB4LK`ݨ\ZB f\1\KH;\w>u\\\0ѽDũbYd2O\"II)pTL\/^ֿlg8jd\̿\n*0~\?\!\8e|\\C&67\=P>\\\_*J#\L8\A\\K\ZFe\\ŻָΫԱDL~CZkjL\\\ę4\\wq\m/⾯C\0\0\\+\'NڻG\!m\ڤy\{J37\\\\0h\\AY~\qSxGTlřnWI˧+9يBE#\0ŋ\SK\"(!Vb0gz\"YZ\\M\݀\\\>8@\0\E\\\\	h\~\\+( \0@)q\hZ\? P\]x\2v}26P\\o&bC_a\/l\G\rUA]Xԡm\\R\%G\<@F0\~~`Z\XS9\r!\\P2nd\\r։Ed\\ћo}Lѭ\\\\\nv)cBAHD#\\\n	>\~e\\088\9CP\\GNC \©X`_ak?h_II)T\!y8\'\\0\Ñ[Dԥ \y\\+\"\\\\\Z\0rs>A\\}\v\r\qv@ڊg\\0C\<ȒX9cco@\ڰ;\ZqĤpr\\"hX\">\V\Z\\ցDt2\0u=\\\^d:x\8\ρTJ\*#\̉W#!AȘɥاibJ\\\a\\0\\\c\\~w\0B@V\w{\4\\f\g\\)\n JK\0E\"\*\\\%\kp~\?P옮FZɣ%\\\VsJm\p\fzl`?q\M[ D\0)@IQ(UmSaA*,I8\Zk(<v^7\"\Z\w#ȒI)0)\\!8\_))A	MAEh\0%J_2$B\y¿D7k?(!4[S\"AU%))MYI\\D!\"\\0E@\0@	`\lŌ\0QVA\P4!\\\\@\\E?`\\0\"\\ )D\0<p\\\\\>\Ft兔Wr3\0P\"8C\\0__\Zl,lX\NV\1\g<+D\7qoLI yP\\X#\?f\/\$@]O\T\\0((\\\@ь\ui\0!p\n\\\3\!\ʹM\SK fH\QxH\͉c+\g/XE!\0\\	\n9\j`	\\cX/\0,,\\\fl|_)6+\eZL\d\L6H\t\\\KMȬx\7mA`f ݿŜ3Quʪ*\z\;׍x`\ZxL\\0o\"=xi㤒IE\0\\!\+\\\c|@&erH4  :씎	<F\\0\rJ!c3\BVֲYPhҡāS@\U	\\q</f\\l7w\\\\`Eȱdm\9\\ⱽ\0((&!L؈A?\\0L1 	\n@\0\"Zk.N$B΁^\tbvIdyjHk\.i̉\0),\0-C\l{ޛ2r\\~B\\n0iv_:\\ }\\{]o\\rz\\>ǻ[Zk\GoE\r\nP8PF\09S0 \0:`D\0ɡ\*\\wpp\\qVk<	2Zd\$\ng(;&p 6\0s \\r_\^\%!\: ҡob==HO\7;\0Y[f\8\=Wˣެ+\7\b?籲SJW\\\\ףo\\] YB@\nY\\\AU3(\y̌sr⏸*\1\0CEa\ס;APĹךa\@?	!#\"\,=fhϒ\~HX[Ӗn\\r\X\8Ǎ{\u*I\L0y~7_1zS\+\\=oں䏥֭\ \=\޷\\Y\\\_=1\|BB@@($`\0 \\r>\'H@$RCR\0%;7\#t\\tҁi$@*F\08Axxf{I2\	uL*\f\\3iF\c\\Ò	k\\%\\KoZ\\\7g\\Ê\ ҥ_loѽ\-\J3@81\\\SN( (@q\\\z\I^ z`@bĵt\0b4_	\0  ^\hϓ\Zf2\\\\\9K\\}\x[CRg	R:ȓ\d_i\rq\_\rP\\u\\ˎD\r\*\_\)\n{s!\	 2v\\s=\"\s\%wK\T\\r\?H@ӕ\g\0j5\\\7\\\"$fþ\\H!\:UZ^L\?1$\i\\o\\$Kr_\sϯ\ѕ{\eY3\\"?s,d+-\*JH\nD\\0ؑ@#\0\\	&U@\粳L+\q\0	!\'\8\0 \f!\|\)^KP\"@_<AB¨,:wWW\ \\\W8~,<t\D~EOx\E޷g\%KĒ5?R{t4\?.}\-Yd (M`̐`f\5	\Y	ǁ1GqmԂ ౅G}ܼ\\'pm\b94{\L\1\pf^_z%\Q7\0\"$\JR*\\Ck꿓݄h^/It\\kك\\\\r!o8yPYg[?G\C\\\\ڊFf9R\0;\\0@p\\0 \JF  @@Hzx\N\h:<\ZN3\\\^y;\\\\\\\\'A_\\\"|\җd_Jt\oB:-V\\#\#]\,s(]NƉ\\\nA\'8/˗\s\\:=\nӟ\,{f%^9x\M:v\BW\sB@\0ȤL@Ӫ\\\\\0!^*\C\n\6=JU@f!@\K\\R\%H/%z~V^TJ\m7{T\\v:t	N\؁}=8\<-~\=?\\"\-\\`T\0d\\\nΨ\r(\>(B\ D \ 33\8iHZ\13V{\VɃG\n\'HwiTCH|\\p\\dN\44%\\]qŕf 	%DOu*U\H7D(\M4\\H\A\/4ESl4ڬ;\l\;y9\6φ9rp\M\\\B\_@(@$\<\2AA	\'\u>s}T\\\P;:VEf\F+;\06\06_\P}_\\O\ŏ{\\\+%\@_\C	pR_\|ӛ8\"7+J:\C\R\\z<t\C\ڿx͐\g\\@u\	w+,3K˻\?%\n@c;\\0HF\W\\'z{Ԕ\\\E8lh \0- \<\\;99O3WE8\\{\Jbt\'\\~BB:> `,)C*\"#=\R:,\`R>\~V4\:\\>\Se%ƚl_Wo<1Ѽ\ʛXOn8F\\'>$b:EU\ \0s\\539\\0HJ$\a	QЫ5^\j.SH\\r6F\0\C8A\\\q\4\Z\_{\+t|\@\~0xu6\4iY)\0\C\؃7eH\nL B\#)`XQ1$\O_dt\i\V2\/;	ef!B\0?8\L(i\ +`\)[f\|l4ۅу\rLH)\\.\\ǁ>e\\S\\'}\w\y]2^fr} \r2\VA\rBF(\M\VN#6<\D M\EPm\\+(>\\n{C4/fB.(EDH2\\e\^y_sP\0\\0h\	K@1}\N\b\$܁\rEt\@puS\0\Z?\Bʟ\\Z\خ@\0~\q\'\}4^\`a\\TKa-r@\%tL\\z\\	Y\@Q~T4VO^\[n&\JK\C\0\%\0&inv	\F\03D\T\0H$w7z\i(\82\geND\\\rc4Z!]\\\80b\nًN@D\BW\\,z\[\?sLlSjD\w%\T4 \\ìiHi\꒚ܠ\Dj\2ܦkK\:B\Zѱ\\Q(TK\3\\"v\8i fS<y\vW\\n,CS\\En\"Qw\.\\\pO\\M\0(F\B` \N\0%hL\"\n	apn}SU?9\\?\\\\nG	M\C\\\jJ9d*q\HP\ K6\b\n8;\\,`\	8ȡ\\\\xT3Wm\1+(0\ZFl{f}o\M\3\Ǐrߍ\\\0<\s&Pb\\\\\D!L@\\4\=Wc}Y2;!\Tl\U7z˔]L\5P+Уh\*n曏6,T\Y\\?}(?<h:@x\^&\``gČ}v?~`F)h2dr\r1\n\Х\6\.q\#q\۾M^01r\'l8a\"y\0^~\r }C\AlAx\\B^[Prs1[%4\~NV\x(kJ\~3Ցcd\\\\sӵOv0C\Ѭ\Pc\Lb[\\nP{\+]\Μ0gCKi\<|\0\}P,d\ND\\\z4}ا\\e`#F\'q=o\\}#T\1\n\*ʋ?/\\\_o\\\~\~\9;1 x5\1@9L&82\0YGB\\:zz<Hu1}<m\"\|9\CeBj]X\KYM1Jy\r\8pϻ\0s0\\\a(\\H\\\N\//\\\n(!+ƀ\ˀ\\zp`\\\\2\XʑG/qW\ؔ{TL7\\X\\/\0\\09|ɫI!\Ŝy\\\\B;b|k|Hܬ#\~?]UkRD>>\_62)\'\\>g}\sK/\"3j:~]\\\\N\w\ӿ\?x\GsJ9墁FEZ?8٧p\\'z繌m\Qbc\P%D\x\\\~7\Gd8\\=6-\\\0!bL_x5\\Y\2ʅ!C\\"\\\,ǧ\T?\nrx\\\\Y\'nD\.,\\\'kyDAR7(\;\5\'e \0c\8+\\\anN,\=A}\-N\.K\\MhJJ\Z\ZK\	7\đ7}v@-\Go2\\\\VḏwVs=א[?=n~>|\]\sKj\\\n6d\=\'^=\y$9A&MX\`|薛ev>\?0E`Z\Ei\-\G7c\>\hVTp̘6\\0ؕ`7`N&oT\oD.1E5\\9p\cY{z?y[w\\Rk\4Si\nʒn\\-Ż>B{\i{[ø\\0y\W}\\\0\\u\n5\#\\Cz\wN\7~\\n\aJT4Gu\c|ؾ\ۥktD8Eƌ\ɑ,|8\tiq.\nř\0Px\\ۧ*.\j(\S]^bo}\c[7\\܋3\\r{ly\U?L\Ր\ނvy\!uY7E[E^\{\CKjC\6srqۂ̫&:@\0LfEIqM\07n{\~\\\'/I[D\e(BoF\Sƿ\\E8G\r%\\\'\\8q\\En`(8\\\\}/\05\\rq͋q؍p#\e}\0\[{Ba\;\rA3i\n\N홀&nkҫ\mXXZq\?ȉ_ﯿ7s\\\0x\ \Rx;!ĜNֱ\\rc\^B;\'>y	\\\ Go\A{=\z\'\n!\I9;MlQ8^y\;9K\n PP0I\dMYntc\\\.ϖ\H\QN\\\U \0[l@\\\R쩘RRƘ\Q\ԅza}\\\?b[Wn]\\\僬\\\Z\T\0Xr2\\\!M\ʇD\\-ϟ{Ͽ)s\\T\z#{\%<\ \4\(\@\\ir\,:\Z\jA&ES\"α`%퇓$\0ar\r*5\rD\4]C*[\\,z˓\0\\0}ӭ͖\S{WZXs3\gTǏǊD\\\\׷=/4+A4\~+z\ZnQ8 \\1!j\"\nG0*ZF\;Y\x0G\"8H!\ʭ-r7+ND\ 5nd\\n	)\03\\":\\ui6:\"\#b\p[d\_~3\N>L\0|k\"/K͕8\3\q\<\"aa vIIe_\C\\cO}0͟{=\\\\pK\x(\'\-q\-U\-el&2\`\8:.s j&L֤\X^\0Nf\0b)a1CP6Ws\w@u;\\0Q\`8KW.\St\\KO\՗OٶekSp0`}\$\\\:\\<\Z@\\=K,\\\q?.Q\n\JS\Zy%T9P\`aIA8\0\'\"3	mWv@\0mڴ4n	fDO8\$R0X0\r.@!Jxƿ{\"\Z\0\MaԛAH5r\m\\\jgj*\\ɡ.\#;h3	\nGWX\\\ivf~C@\#w-V)\\\"Q`1\\p̩-\$\Zof<Ϯ46\@Ɠք]sx\8@.Q\J\"#@\#B\`P\5d7\s\u\T\+q\q\<|709qDTuFf4w#%hv+\RFz7\\0\\"%$\	H}\\ǣɫ\\UD*\Y\`lj\'m\S@\ ;!r\\\\\0x\vLc\6\\0᣺ӿ\\\ʰ|\.\\0nn8\cErpz/\\\ZF<]4\#\nR\5\H\D\G\͏\Z\_\\zS\\\wՔ\`8P@\Zoc>nov\\0\n@O\\[)I\ęn(P\n\qhZ<͍\\o|׹TA\\\.\\%99J^z\\ZQR*\"@Z\.d	\\\\\TTI\fNLЏI@_\z:zG@\s1sl˳\&\0x\B \0\\'t (!C\"uep\0#BḁfsW8\Zi>4ݜ\'\+	\D\\\*x\\inprvdL&\\\I1\a$sd\P\" I\\D\xe%b	BB\\";v\01sFDD	@F@\\\M&!Č\\\>ڠƝݔ#\ikN}\D\~痍c2	\0E4m+{\\#g\<\>u	F&\rmM&-ƛZ\\\rC\!\Zi\˓\c\\(:B\\0]\U@\n\ruN\\'N\фNW.h\\zƤ 7\j\r@]O\Q=&ڇ\cϿ~\n\\'Ш\r:LJ\x.{Ċ*C9d\7hZ8\0&Z\;-\Z\rcHaB\}2ӈ\\D5I)3b饟\O\n	B(BAh6\kBhnw\\O]5o\\\.BA\0\Aсm͈ \\p\a#ORS4\nǙp\\\L\"F)_\\I9I\n<j\]ţ\'+(\#莺\P:\2)\͋\\k,Er\0S]G\Ek\0b\weɓSA&8\yZm\\_<v#\5-`\N\n\2\0|O]<a}fsgu#\\MuS4\`\0\\0 \\\Y\5C?<9\HVe$0x\:\]/JQK\!+\\:\\\F\\ZOs\Paޚ\0(aNcnaE`=A9#fG?k\0\0q]\\03\\ӓg\FbM;Ϋ\Z\j4!E`D(@\0\$9Oe\%\Zqg\Z7J$\0\,\yt\##fu\ݮh}\\kk8Z\!w\ns{݋&\0L(25\rEaF\'K]<\\ct0)S.tG	f ^\K\|\H\\h\ \b۳e\.q\-\4\ h4\"L\"\e\ë\q=\q-q>\y6l\^\'\\\2&+/~q奸\@GEV(^$\\n \\PEQP\Z\ZhH8\LsCg=RLb\n#EH\Z\\\?\\0sBxe\q\\\A$\0\C\"\0ʒԀ>$\0p#\\\\\X\Lgt\5\\?\F`q:20+;UZL*)hLYRΦ2aL[%SD[M\X8=&\\\\&\N>w\};\\Z\c\n^B \\@q?)86H`d\r,\\l\]8V\\b\ |@\'\\\fϿ\G*J	\0uS\\u2\E\"?i5ť0@`\lSlr %vh&9\Zl7>/\)- C4xK5V뚣\|2i+((f]\\\jZ\s(x2BP\\7\\\Ee\PCPk~!\GZlG\ng2,\ci	}Y\h#4hMa\t\\\\npXA@H99I\0Q4MP,4\\\s0-a0#p\'VL懣K\?q{\01`a\1G@q\7qęawpF\5j-D\\$QPB\\4&\TE\^^7\ZD\?D`S@m\QPx\\"\tG\ۈMIK\b5@RPƞ<Z\\_̍S \/<gT\\[~?	;@ϙ[.\\eݚ\0\J\0_\nq$S&π\"nL\Ǯ\l*n.\\ҴfV	hԂ\@,^h+\̣lG:\\\m\X\)\ZHyqC\r\Q\0\Ģ\r\#B7WD\0ց\Z͗ڊ)`\7:㓘\\#\0քlMVL[:ӈ#n\tp`\\H4a5\Sy\*\,hH7\8Q\z\aw5}\#%@{X	)\V4E\Z̪@\\r\q5\0=Z8\4`J\Z\Z 37Z\Q}\n\\/}\P\\0jT\0i0\rM1z#g\o\\Cz?q 2;|\zLMAݝ:J\Zu\'F \"$E89Nss)w6_}!\0\\u#O!f\ZM|J3ixl^\"<0PKBǭ-<\GLgYMCDx\3Why:j\0xߴb 	\\ @\\/3\i1B܃\v\\'\@(x͙Wb\4HS\T娧5\0$g\\0m\l29ꯥt`\\-H5\\ف\\\Z\l\'\\m\Y\\u9ͦ\0A<?_p\2\\Q\en\'n\\Θ\\n\8S$3l\I!\0A\g \"ެh8sK{;\hfS*45\\n1e3\Sn`\\\lLBI4	)\\\0\uBnPSA\g&\1в񼣪< 1&Mل\Mȩ\'/\\6EC3035c\\/n\eB\.bǵBg<@N`FT@P0}\nPD(\Zv\\3\j<d\\ZLS\8\X\\n\kѐ\>)v5P@T)CS0mD_\0z\nX`ZM#e\Q\h~i(\Z\0A\JëU׍G\\\ 4̦ݻ\0j\5zN\0Hi_\=\\?\o\q\ZZi\p\Y0w\	@j<\dia*\L\Z\0s\Û`\/\kK4\p\NfLbe9\qj\ZQ=X\\[=Yň\2\7Y\\i[sC\\\fWYt\j&?7x2\q*vL#\"Ω\4\\4?}t\7OIM\)7u6?ws\|Ȧ(#r\n@4\%Y\\4imȪxuWl\017\\"@&`HzA/\//l\\G\4b:묓M40%\"r=zg\\n\#qh\a2]\&0\cL @\nb&\p\\\\0u\i\7=HEb:\,E\Zσ\1\\d\\\IӐs\@l\\\@T\)TK\DCGh\nкzrN!@bX\\nFo\\\`_g\0(.\\"\\X&|N<׿0jE\0\wP}|\'\\G\t\\\L\0%r1\2\'\\0zP)ˊz&p\0\"cNX\O4Pl\\s* ++ME]68je^\\)^K\FA\\\n\\r\\\n@\089\* V)\Zp7Gm8T\1\\aŨ˛F,\Ϟ\0s\(\0\c6+݆Pøе^%\~\\Z\.\MM#\z\Ҟzs\tP)!&@S-s\Sj?ZYiV[-\s\\ء\3<+;eHv}vH!\;+\ZN\/l\W+:KQSl\Mj(D\xgEN\\\\5PS\N\MOs\7ׯAf\}v-\XCX5\Q\\+zc\1 )\\r\"p@6.-Wz$\+|Z\thA[\n\fk^\S\90`Z+Ca8fぅQ-\/XJ\\v4SG@ͪ\6)\dC\01ؖgإi)\\\o\<rvp77p\0\k\]ާٰ\)4)3\Z\n[\ʈ-\\\\/ ¾\\a\\ˢ9\,\0\[ݳm؛o\haq]7\xqe=\ߴܥ.\X^/0SN\\/atg\E3\f>E\\\l\\Zd\ǯ{\5\0\PDP\ԹlOw7ٛ㷠q\L9Y\\\nw6;Oui\*חJ4t\l\\@;\qݭ\'c`\@Ml>q\@`ɯ\o`D9\Z8P$gw\6y\O\>\"8lnx\[H[}\n\'1\Q}{Ն5rJOȘp0B\0k\!o@QM\\c\0s\\\hd\\\0\\7\\r\"\/\﹢c\0(tN8#;\\lɩA\y^22\Nk|p\h(dɯ*\u\\<]7\-8\`kkRP\0Mbnl,?\\M\<\n\|UrY\	6\c\Gn~dy\l\0\h\\,F!\ze\rPjp0\0\E`Qp\-SN\0ĉ\{\z{e	\|\=\3\\\f\\~%aէRj]R?\<^\\O1NEe\\r@4`U}\A~`Lw<т	͹fk\n=cµ\b~I9\7\l͗E0\Z\إX,\>\٨R\0na\9	Ȉ/\o7\ڍ5(PΨMwT=Ky\	<7/WiYlpfi\5\{\\y\Hu\0\Zf?\\j\w D\b\6١sc&A~9@9}C\0~\Y\\\Qg.	\\\ӭ1B)\r4GM\\\¼`FIPW\ܮ\s}\j_mxX\Z\ŏ}\\0ȟH|\<ɠx\3o,=\0\-\h.eҺL\3,3Кl\r\Lv\r\B\}YK\L\"%3t\rRg\\n\\\ y\pؙ\\i\!bZA&\3\۳\\oT\\M@5Z\feWO]\"dn\~\1\N0#n0&@	HD|s\(|t[֖\\4l)y\gȽhm\5G9\U\T\TWG2\<\I\\0\D\uϘ\\ZoQ#9ɲGr\tP\\2s۳I|ybsj\mٓj\2\K^DlzMsy~sp0ܕ?\\\\!־)e5\A>g(=7_\\\\\\\\\\hI9<\T0\0Ż\\\)\09\\'*äo@JU\\\r\2_kb\*ۓ;wٸ5^?ޞ@\"RN\:&\ZE9%P-jr\Na\\r\0 D\\\\\\\\\\]\\]\S{>m\)ʱ\\\\e~\Af ~\*G	$\wD+w\\i&91\M\U\\Gl\U\\_f\tI<\3eLB\ne\$Pׄ^`\6\\"\JZ@hĈN8ȜA \|!\\a*ĹK^\r\\\P@\0HE߽\\n\DĔ\"G&8\0#\r>:z,\Zih\\tzQ8Phn̐Hj\-ݲ{Å\{\"\\\\͇KU\fL+b@6|<s\0h\\\!VU]\\y c\0\8]g\\\\\D\rk\02cB\J\\N?rbFzjܩ&\EC\6\\%\0Jl[7z%\ޘy6\Y*t\)b>f\k%\\n`z7\nD \\0s\0L|\vċߚ#\007g\R\^t\@\0;ϊ\\O#]_66Z\3\|\x:W*\\\-Պ\0\L\dJNy&\Z 3A𕩾\٭\r={\ր+\0\\-\nvb\\"H+%\Uo*L@y\y\$,\0yN`@W\ѝ8RD\'b[t1T0\m\'\F\\D%\]^t\ƀ\~7Al\\?m\\r E\nA\\rx\mkR(C}b__Ĺ\,\\;~\oԔnn~V a\@eJnwxs&к\?w=P\"^\\rd\$2\\\Φ:\T*\0\'7\\S\\Z\Sws\\\\\l\ֳ\kߺh\ss>qe zWx(P&\Җ\pFyUI\2\3:[;vͺ\\0鷁jZ\dN\S;\\YE\bo\\0\N\x[]<mXx\\P\E\"\WJ\\\$tޡPJt\E\}f\\D|pT\'4\j	2\ه8y\\\\}W\\[0_\h\\dŔ\0\%<_wUB\&yH\X0\\ZQ>\W67\n\0\Y\\\R\ŗ\'\:k;\\sѯB\qR(\HmNR\\͹\\t\\\M	1\\*:\U	\"}\d\"\uYݣ@\0S͢Z\}gր:\\|^:\y\\:V7\\zcpO{vŔj33u:\h_A㓉\v\\[*\'l\\'!]\So;x\f,/\\{n>ؒ%\+b>\b&\N\0ٶ8\soLϼ\YKsVSrN@P\DF%BĿ5h2%\70\yU.btub8\dr\Ώ\Sp3>Č25{V\\}\l\H+x\$\1\'I\\y2{eU}פmS5vd\wVM\\\">\\\\.ke8	uYWwWon|S\4\'\=_\igc`\wXZ[\w*nuuI\0s,ջ+x/RL\\\UL\p\5!賶\07\w.\|H߹\\0w߳5`mi@D\\^h/\J\\\)dH/x\#\\0k\$B\\\\?eY?\\\7?¯\V\Z80fOי\9~\\0$\jSp>ES4ￇ(mL>l)ډ\&|\op\r\\J4\S0\\J+M*@|MuL\řѼʧ~\(\r)E\@D$.r\\\\"\E.r\\\\"\E.r\\\\"\E.r\\\\"\E.r\\\\"\E.r\\\\"\6m\\\0\0\0\0IENDB`'),(10,'Nước ép dâu',30000,_binary '\\\0JFIF\0\0\0\0\0\0\\0\0\n		\n\r\r\Z\Z)  )/\'%\'/9339GDG]]}\n		\n\r\r\Z\Z)  )/\'%\'/9339GDG]]}\\0\0\"\0\\05\0\0\0\0\0\0\0\0\0\0\0\0\0\0\0\0\0\0\0\0\0\0\0\0\0\\0\0\0\0\0,\0\0\0\0\n\\ \0\0\0\0\0\0\0\0VftI\J\\0\0\0\0\0\0\0\-@Z\0\0\0\0\0#[enټ\0\0\0\0\0\0\0\0\0\0lbJ\0\0\0\0\0\0\0\0\0)Xj]R\0\0\0\0\0D*\\B`\0\0\0\0\0\0\0\0-+e\/\X\0\0\0\0\0\0\0\0\0\"RnD\0\0\0\0u\0cpP\0\0\0\0\0С[tܨ2\qJ\0\0\0\0\0\0eU\0L[\\\0\0\0\0\0\0-\\"L\0\0\0\0\0FE^\0\0\0ne@\0\0\0\0\0\0\0\0\0\0*\0\0\0\0\0R\0\0\0*Re\\0\0\0\0b\\\0\0\0\0J\0\0\0\0\0\0-*\0\0\0\0\0\0\0BhZ\0\0N\0\0\0\0\0\0\0\XF@\0$\0\0\0\0\0RmV\\0\0\0\0\0\0\0\0H\\*HUY\0\0\0\0\0\0\0\0\0w+Jظ\0\0\0\0\0\0,\b6o\0\0\0\0\0\0[P\0\0av\)\`\0\0\0\0\0\0\0\0\0nĿ(\\0\0\0\0\0\0&H\0\0\0\0Z\\Lvu\av\mU\y.\0RT&\0\0\0\0\0\0\0\0и%[E\d\0\0\0\0\0\0\02 \\\0\0\0,\u\&<l햖>y\\|\im\nc\\0	\I\0\0\0\0\0\0[)v\0\0\'BL\0\0\0\0\0\0\0\0-][.!0\0\0\0s\$r\\~s\\$l=,5wO7\\\©qjT\0\0\0\0lN\0\0\0\0\0\0\0\0\0\0)2\0+\"Iy7s\x\N\\\\гs\׫\w\Ts3\ZnRT&\0\0\0(\0\0\0\0\0#!n\\"L\0\0jD\0\0\0\\JL;jˠ\0o{<\\"Ϡ\[kA\;\=\\O\}\9\*\0D\0\0\0\0\0\0\0r	\aB/\0\0\0\0\0	\'0\0\0\0\09\0\\\;\=뺯\wr?3 S\0\J\0\0\0\0\0\0\0\0\0+qRdn\\0\0\0\0\0sB\j\'*\0\0\0\0\0!1\[tE\:HU]8\0+nDP\0\0\0\0\0\0\0\0\0v\\\\0\0\0\0\0\n\U#z	1.\0\0\0\0\08M\'c\\\\D\\n\"R\H\\\0\0\0\0\0\0\0PQ[\U	\0\0\Z\\d\0\-\0\0\0{\\lm\2\ҫ\QJRy)P\0e\*\0\0\0\0\0vзvV\\0\0\0\0\0N%]\0\0\0\Np\5\\\a<{\J\\\\:mu\5G1\\ZV\lt\\{S\e\oo֝~\# \0\0\0\0!\!q \0\0\0\0\0D\0\0\0\0\0\0[#$L\n\0{\ܮ.9\2^\$\zki[C	N$x\\_fW?\\]\\}\Y\uwZ\<\h{ut/s*\0\0\*\0\0\0\0\0# #t\0\0\0\0\0\0\0J>1\eO3ҺE\vZ\k跛#=qv0m]\\cblk\\\X\cu9\|\6GOz-FBKmp@\0\0\0\0\0KԵ2\0\0\0\0\0\0\0\0\0_-uߚ\|\\'߸_\r.3\-nݸXl\zU\Ǆ\4y\W<N>il\\YA[^oi)=[\7\\3\\OS;\Hnך:$*#\ZP	\\0\0\0\0\0\01KrI\0\0\0\0\0\0\0\0\0>U\~k\n\\l\n__\¿g\\fJ\l\-k+\uKj`\\Y{\rY7\ʯ\03.Ccˑ[mOt\K\ꗤC\of\e\ZH\ \0\0\0\0\0\0\0\0Y\\0\0\0\0\0\0\0z\\GN\\r\\|\{x\\yJ\y\og#v\Zo\񽌚~76\\\\\_ZJ\rS\\920>g\\\j\f*\0-]b\\\0\0\0\0\0\0\0\0-\\0\0\0\0\0\0@\;+Dߑ\/#\\v9\fca\(I\\fk4\ιnL.v/q_\ln\̼\\xs.\\\\>w\"\.\r\0\0\0BU\\F@\0\0\0\0\0\0\0R$\0\0\0;\\WK\iyo5\YJ>{s#\BǽE\\\\\׷:ɫ9w|ȃ\g\\\\׷@]Ǹ\zEݗy\'\\r\"ӟ\0\0\0\0\'Bw\0\0\0\0\0\0\0\0@\0\0\@\0)\?-\zM+\\\6\\>-ۼ׿\\[Q22#os#\\ۇ\\\s[;2\﯎nB5\6\O^\c\\>x\0\0\0\0\0Bb\0\0\0\0\0\0\0\Ъ2\0[LT\0\0=7=\0y~\~\\\ſ,-߆9Y#\ηG\\+3T\\)FW\\PL\~\\\VPO;#s\/}\^K\W\\ŧ<\0\0\0\0\0\0p%#r\0\0\0\0\0i[dn\0\0\0.\Kߛy^澫\dc\\\\8s\6%\mg;1\i\\Tf\\0\r;\ps\r囚gi7:<5\{\\X\\0\0\0\0\0\0\0bR\n\0\0\0\0\0uJHFH[\0\0\04{\.n\\cKr3QJߛ|iE\ڻ[$\\\\a\7\o6.ۙZH\#S\\i\^g\UD\P\0\0\0\0\0H@K\0\0\0\0\)P\02\0o׳\G\ߩyXw\rߙn9M\j\ft\Z\ͱ_cϢ\{,2\s\\Ž\؞z{m>ϣt<%Dڀ\0\0\0\0\0@IP\0\0:Ш\0\0B\t\0\0\0ʐ.\0g\?\\eb\ym܏,܏<n\;]\f\v\\opv\YW|tnB^avV\\;\tM>\{\!.\0\0\0\05@\0\0\0\0\0B\0\0\0\0\0\\h\`\ay\|g\sL\\ǖ2Q<7-\\I\SR.7a#\\\݆~is\Q[l2s\n^\q]\I\Tɀ\0\0\0[)r\0\0\0\0\0\0PE0\0\0\0\0\0\0\0)c\s&\\\\:E1i\\ܽ7Wz\r\X5\o\:i\r1\\򹰹cl<\\\rȹ\Z=-~\E\sI-\\0\0W\0\0\0\0\0\0qJ\nR\0\0\0\0\0\0\0\0\0\na\X\\\\\\g/E^\6\E\nV\ηf\\nhٙ\sf\M\\ȟD\b\mb\ox>\? RJR\\0\0\0\0\0\05,\\\0\0\0\0\0\0\0\0\0\lrg\\{\al5m,K\\tj\0YV2b\\\:	/l\zo-\O\r/WEvw\t>g\?3\t;\r0~\\0\0\0\0\0\0\0\0!1J\H\0\0\0\0\0\0\0\0-z\|]\Rw\\0\\[rϒ/Y\\\\\-]wI\nK#\N\O6˜\Q\\G.˓d^sgA\=?\t_<\r\Ep\0d\\0\0\0\0\0\0\0*-\@\0\0\0\0\0\0ε^A\]7{s[\\c/$\\\c7[n\{^\2\lV\\E_q{s\m\\g^q\n\+\r\x\0\0&s*\0\0\0\0\0\0\0\0YĒ\\0\0\0\0\'Zn\'\i{\z\8WV\-mvs\Z\\r\.[eG#\26\>\yPcol\l\Ϧ\\Z}[\\0\0\0\0#!J\%\0\0\0\0\0\0\0\0\0)[$\n\0p~\wVs0!]٭c&V\}\tWɱ{\\\\O\F~f%\\ofc^>Ml36zB\k6wm\\0\0\0\0\nT[\\B`\0\0(@\0\0\0 \\f\ƂS\0\0#!\^\{O\\SŃ{#	Vm\\=i\5\7\[em;$\\3wB\'+l<k.\ss:\0\0\0\0\0!KpelPT\0\0\0\0\0$p\0\0\0\\|\\\ Q\Z\B\\>e\k\[.#q\76x[\\[L9\\\Ļ\i\ͨ<\<\\3\0\0\0\0\0\06\\R0\0\0\0\0\0\h\\"	\0\0\0\0\3\j{,n\\\\M\|9F=Ij\)[f\[lnV9w\\89{\"\7z=\\_D\\˽\,\0\0\0\0\0\0V*^#8\\0\0\0\0\0\#KAWi\\0\0\08o73\peY\\\y\V^\<]]\Xn\\EF\.\\JTzu\;\7zʟEj\\! \0\0\0\0\0N\A9R0\0\0ʅ\Ft9\0\0n5\0\yW]W\^q-T]\\Z2\+ۭ>ww,Kae\؟2\\\m\\^&\\0\0\0\0=Em\\\0\0\0\0\0\z\0\0\0\0-\\0W\uz\rײ\J\9a\ޱZ\c\"9\[m^\\9g:h\\\\\m\]4{I\pB~\\0\0\0\0H\\j*\0\0\0\0\0\0(Y\0\0\0\0\0 \\\'\ީ\5V#\.V\]\g+T㑆y5\n5;m-\\h\Ƶua\"ק\\w^p\L\0\0\nR\\0\0\0\0\0#AK\0\0\0\0\0\0\0\0[bs>Y\~][\;:v1\>oų,2\Z^y\a\y\]\{\_Bn\~\r)\0t\8WynPF\0\0\0\0\0\0rp\0\0\0\0\0\0\0\0\0oT\\\K\۬\Z<\m^+\%(Ew\m5;,u\pݯ@w+c\n\\<\\\U\\Oa\v2\\\\g]\5}\}]$3Y^:]\0\0\0\0\0LBU4&\0\0\0\0\0\0\0\0^48\')\r_\O\\e[\\w\_q\\7%\9\\jv/q]\X\\s=7+\$F\\o}彲Ծv\U\\{`hMLO)\7}\_#\G\\\z\0wW\\\uY\0\0\0\0\0F7ne@\0\0\0\0\0cp}h|Sa_\:	=6Ga\\\߉wő[qn/b\\ݶf\{\Zqf\Oc\vZ\l4̯niϨu\Ai[;\\\\)ߴ\\=d7G\g\'\b\S\\\r=\\;\0\0\0\0\0\0pFT \0\0\0\ZW\\\\z\NW\Gϡo\\Λ\\'O\i|\\WkeC}fWә\ӿ\r=V\9Xy<\\i\"#y\ݫ+\<\e#A\vH\WK&]o\\V\\\o\;]l\%\}3\O\3\!q\\0\0\0\0\0\0\nT[\\R\0\0|O\<\0^\>\t]YO\ɰWwE\z?-\/\h&Af6nQ\\\\j\\\hM\\\\\\\XX\k.{Z\W|{\\^\\nVt[N\Y\\\~^N\ra}?\'\K\\\76%oɽ[\Q\#ڀ\0\0\0\0\0\0\0#ZĒ\\0{Ow\\\ں/\\Y\D\WZ\ǆo\\y\5\\\\'M\u\\h=\'\7LG\k^|\ܕOk\\\0\\?o}Mn<Cdo\\G\Z\\wzΚ\ZFz\-\v\8W\lw\Z퐻+\\\\k\&_/\2`]\0\0\n\0\0\0\0\0R	41ra\\M\b\s\}\\\\\yO1\R\~}Ɨ+M\'|\o\\^\\0HS\;1\0\:\+\o.\\e\\i)^\\\\0\ydi\\7e\az\)\붚\\\\Ʒ쉲c:݆\]\\ez7\àh\nTZ0b\\0\0\0\0\0\0F\\R\\0jlk\V\'\p=\0oS\\\\Zl	U\zW_?t]\as\[L\rd\{ϙ~__\KI\n\ѧ\\\\Os؎\\Z3\1\EA\5<_\9F\\-n\\u}#\\N~\\e6>»OA;\׉\0e4\0\0\0\0\0\0P[&s+JF\\7g\R\GK\v~\ģT{}\\g\7+kvVs\evuvy\\\\\\\q^G\s\\\K2\bm0-9\L[|ݍ\>\\]fϾ͆ϵaWƽT/\\\'\rFvp;\\X/>q1\EnR\qJ\0\0\0\n)\0\Jz\\\wq>\\\\\fi\\\[i\mlw\\:-zg\\rkz	#_\~c\;=S+Ϸqs.T݆\\\\\8lѪ\\,ޟ\\\\Z^\BY\6\\T?5\>\\\=Sy\0K\\Tl\Z\\0\0\\\0\0\0+\0\0\0yNz\\>g\k\~{\\Z\8@i\+/`G\-}\;p\羛\6\\yn\\\r\ug\.n\;^\fOt;\Z\\d,G&ri;^\q\,ŉ^+/Q@\0\0\0\0\0\0DF\0\0\0\0+yC[\\\\\|46\5w\\\C\,\\<[闑\)E nRHE*HY\TR\T\V\\0\0\0\0\0\0d\)\0\0\0\0\0\0Jm݉n\@Hk\\\\Զ-k\ම-k\\LK\+\/P\TAJ\^\0\0\0\0\\N\0\0\0\0\0\0\0\0*v4&\\0\0\0\0\0\nT4&)XDЅ\T@\0\0\0\0\0`fT\ɭJ\0\0\0\0\0\0\0\0\0Z\'c\"\"q\0\0\0\0\0\0\0\0)Q\EZ72\nR\0\0\0\0\0\0\0R\0\0\0\0\0\0\0\0\'P\J\`\0\0\0\0\0\0\0\0\"`)*[\0\0\0\0\0\0\\0Q\0	\0!\"1AQ2a0@Bq #R3brS\\4C\$5c\%DTs&\\0\0?\0\CyA\\Ǒ\~UՏ\Jyܞ\'\Z;o~%ͣ-Oҳ\:PvЌ<\Wu;lE\JUu\J7uM\\졵\G)X\\X<\vՏ*UɩՏ\$+Jq^\rO>u\'\\l\rU\'\ل~4Kf6*EҙM\:b;j\[\s{{Kak\\Q%<Z^c\bERQԞ\'ĞK5\!\s\\)eaRA\j\r@h\e<Hk{;\fS\RfU\0[\rk1\\h>\\c}\Z\0\j#\ܑ\\\\Z\]ά]\Z\@pPa_l>\\ikRٹ=7\n\\V<Z\f7=k \ߍ^lIc:lFkh/E	PA\\:m\,\Pz҂Wu\8Z׵w xXx\kvɠcP[k \ߍdIc/\]\\TS\'\7̆\\ZV\r8\,M\ku\\֙Et\(\'Bh\0\S^\Zt[N9jvV<*\\\ǉɡ\9\ZV\r\G}UտJU\n:\̡\E7\\^Gv$ܪ+[O\Z\0\\n+5t #\0yZňCq\\\v]\kʕB\̡\G)X<#\\nJ\n\)+q[\ue\\{,\數#\\f|\%ȵ$_t-k\n\r\H2(\(c;\\Jǲ7ʺ\H\z\WvoX\IʜyXz\\y\Z4\8\!P2Z\\+8\(\r\\ݐi9[Ip@pa\\Z-.\Z\֕\\frg*\|\_ey\T\\P\֘+k\\`oۉ](\*FÅ[4n@\ZR^հV\o\(Eƣ\9S3ҕBe,[q8{\J	\3/\^(ן\0)7\Yd֕B]ݰ7Ac\r4$\r8\Fs8s=)T(\줖6]\0*\0a,2jw4\\z`di\3j\&P\G1Sg7$ʦÙEe7\t^g\0\0F]n\\˥ٺzl\rXmNxeOʕRIse6^f\0Xh=4Oր2\Z5\\]\\v<\"\ԛ\}ǛyZǭ,\af~=\D\z\\0`Yt[7OII4N+ӘU\\\}Gkʕr<OqD\v^\\}M%O\؊\ZJ\\\\\&\^:\'\\lفQֳ 6./\][P<O_l\0\N\'\셝فckV s\HsF\\\H\\:^x\0\0\TWB4U\\R\/J*b7\Z\=}0%\)\\J\\Tk@\\&X\ؚ\~(p\Zo\\rT$nXm\S\\\\XVңL*>fC\\\7*@Q㥁+i\>ԊQM\JqWX^?!ւxOГ6\-Okf,rg*IfS\\9P7ϕ7\\Jǭ\RMc+\"\t\snY\\6>h?۽a3>\y7\3I\:\S|ͫ~U0\4\\\ŎT?Ҕ>R\ÚҰa\\\\\\B\\\2\\\+\\;)u\K8>*\II9	]zڐMۍ\l\OAls6^\?ӥ)Vǳ\\\]3@\0,\\Z\\5+kfo\\\C\rj\3gZRⱻ\r \\?\n\l\~\$g\\'\nYW\ZRA\\xhՇڒ\\|\৅a2\>\$T%	9Cϡ`\p#>\o!\\Z\0a,gd_U\\\nxu^\)Vǭ!H\\\U\>\N\V\\`3\\\\B`|T\}V4N\rs\\x<U\2\\kA\em\\@\Vo\ȎPc|u\yb\]׭oXA\s/\4X\\ge>$6<\#J\G}ia{$(6\0V+baqc2}\\V\\\fḋ\Mid\$sViK\n\\H&ѷO\np~\nE\V]Y1@.5I|\\F~F\\\U\h1W:<$( :\n\\Z\\;ů\*YAe{Á\\HJ \n\\6(Os\xbn;\0\ș\\`kC\%G\JH-u\xTc\n\D!I:~52B\E`z~\\y\ZVV\Zq\:z\UC\?_a*5\8\77#\\0\\!H[\N7e\\z5\O\0u@,K\@J߈\\\\!$\*UU>\7\0\Z\v\;\ʱ[??kt\5\\\#;(v\\BVI>\\\Zr\z\}៿a\\avDG\f`;ϗ\1\7\Z7ZV\+>\[9~\\\d,uV_\P*E\\\z8)\=O\법7O`\Ï1\\9 \08aD)\\ހ\u!\A8#3u&\0V+pk\\6&CR/\l_\>,SR\"\0b1h\)g~Kg?_O}\G0\s\%l\\lT~r>٭$8%W8V~Uab(f_\A \0\\݅bk\r4Ȏ g9Fx\n \f\A}\\zKuq?\E\x	$\ O\!\0oq@O>x@-Tu!\\Gs$\\\S\\6$E6OV2YE\\[#CfyJb1B%fXm\\ZN6<ne2\\3&\J\\b\\d\\G)X\+\yt?K\\H\Y\l\M>{\0oqB\\uWt|~>UXXQak\h\0v9T\Wv\nl˪4\2nb.ي(k\v\\wl\\ \r+\Sh\\\ z\'ƶv\"aF:X0T\q#\\X&|hwZַz]n\\,\QbK0QsI9\9\XZ\OƸQ%\@r2?jZQ{\nb\1G^w\\\刵4XSƮ\=x_X\j\r\BMصy\\Nڽ\\+\!h\\*\UC;F\y]\Ea!\w{u9\0\[6\2e\ʌ*\I$4\W<ҒBۺ|-\3=QrmM!6H\E+`J3緕QE\0\w\J3Xim9A[\\\\%\-+>tki}i\r\\rXlc0=\e\ݒ\EV.;\[(\J\N\r7z2۟VRO\r~?l{hs#.|\cÅqZ\\eoqG\x\\L\\\Ү\\ɔ\\(].I\jP3e\\Y߯:U\n,=jyMV\0\\n켽\\X\X\\\0\\\(]chr\\"\Y\@ٙʐX\r\\f\0\nt\"\_\H9$4I<I`O0/j\0MOZqYMn4w(B$\\0\r\0ARM\م,Xv\/\N\\Q]|ͥ\H?O\(6r\\"\ƀ)\\zsX^\MokfarM8b\f]n9T !\\M*C&\lE,\acӯrI\n\r>TB\0rq׏ƍf\t+AA{\ğ\k\b?M\O qK8\`<PV̓ېY\)\X<(sC\e \M1\Ҹm8\frtPlO:a\4\FP3p+\0mMYC\Z\\\\NMVĀH6\Pb\0bs)\zS0ԒDcM<D\¶a\ȷ\E\xp\R$\\\"\ƀ)\T\\P*\\=n2.\r2}\\"m\dHr\>*\?q>\\EYU$\~<OR\ȎPbG6<#\Gv\\^\k\[(\E\\+#\ss}(n\Δ\\浅t\}S@$7(1\W\pi9Y`yF\_RT1\Ұm8\Xu?F\}\\5cӼ\\<eb=+xrʢ\\\\~<J\\+?ޠabIN7+טAH\0P!X\\2Xe\Ab2\JR̄\9Rf\\O\S\M77VK\R8\t7bW\<\.5>\\8{\\!#\Mڬ16	kӓXM\Ӷp\\0&ӆY\wGN~&\*ةS6ʎ\ؼKC46$\\O\m+&Y\\0\_0z_\&\0\_qS\\\{xq]\r:-\r/΂mX\?޿{\7_x\0\=\lr\%\X}\e*n51\׿\:VrA  ^\U#\@n\0+O֌yx9_!Jp\y\\B[$S1@.>\rbvJ\(Q\l(\\\wo\ApPp\[PQOjc<,\\I{\&\[^\!\[#]s6}U0y<pTu:7QPb6\_\w\q2-2zR\m\o\\RMWwaH)T)g\ɵk/_c\WT++\r?F&343F\rԨ\\}(\irG\[;64X\˄nm\ְ\G.7Wj:d\T3d\ʰ|ܞ{vr[<eZ\~4v\\|\SW\\'\Smr\\{\0\0\ ֑%Ft4of?GT,?D?\~q\ESm0YZgDH^bi$\\p\\\d\q\B+ޙC\Z\\2\\\0iK\}\\0a섀.h^Cv\y\\ip\n[q;DqW9+\X\\l\:O\J_\\pKc\L\\?l6k1ٽgNIMFbWdI\0H]m\c<\S2\0\5!\\˝\R\p%}!\\\0cp8\\n<\\Z\{؊\#|֕0nL9\r\\"h	nd5\\N%Tω(LL`y\I&\"=\\x{\}=eWo\^;6/,9ȵۛ=}\0[J\-Ip2\0`[)=G۲\6<H0\7\I{k\0h\DT\I3lK/Piv&\\$i<4p\\ZF1ɾ\\J\\\Z<>\[g?\5MW\\0+!/3ր\0Xh=΂.n\\\5r6λMYq͓x\ra7\\9\Zkb4\;\\\I;c4\]\QL;U\dS_.\\:3!\"\,\6\ou\\rI.x\bp/ް>A뒒}>Ƞ6}\ro+\}Mf\\0|~5\0ѓ\0xH\Z	\\\0U\O\\\-#\09N\l<+Z=sH@\\f\\|M\Gq`\g57iuY9+	1f3\\\bX\\n]\!aX|.\\5f)[e.\`*mä\\\e\0[Z<1Ŋ\\4v\SfhI\\\>8x?Z\\\Kn0~QQs\~\Wh`d`\z\'0\\x\y`5v\\;\\H]\ݥ\\\\\\Hؖ#SSÒ[q^)\Z㑬4.&͞+ف<\rGpw4\\^SG^(\\J\@B~\-\!Q\\(롮\7\n\7f\"[\E\\c>c\0\\\\\-)\5\}\ު!N3-\EÿrXp\Rm#&*%{`P>P\_\Y?ɾ?&P\Ɖ\n5?^F\T\\\F\s?C\ۺg&\a\\P+8M|\5v{\#3\R\\\ߖ)v@ΌO\O*67\Tu]\r~\0;{ݩ\0T.\0HV\0\\ۑ8|տ:o\\xOx\{#U\O:meM\r^2_\\rK	\oRc:\م^\7\Y\mLVL#w\X|A8\8\@$_@\"\QJQ\\\j\\MNӯ\QQ6XX؞D\h\}t\DH)UW!\)Z\,r\\\l\K,JK݋o}j9\\Kj\\_\ZSb\/\Z\\|lNwVҕ\\{5\\\ Mcvܘ\KgC) y\j8k\jL|\\\\	%\\u\,M\B\S\k\H\\H^=\\q\x~$\77ҟ\@ܓM4ß\rh\I\z\\\0Q浈LS}u`\\"}{\4#\JK_Ey&`ās8UB9AY5)Ƃ\rlɗ6\\EI@|+\Z\w(>b\\nw%f\4\XA9?t\\Q\h(^֞Ltgџ\nLP\\\\X\C\\]\"#\q\ڣr*2y|(>UzT&ڝMIm\tֆsJ\\6\m}\nXhX0$˝eplt!ҋ^I\0\0\}9\r\.\Z\ڙ\ŏ_8lɮnLoT&7\\z(\bZm\f\\\7\iZm,Bu\\4m9\;\\'\Wyݩ,/ʖx|\\|8/*\2\i\py\n\N}:M\0\n[\kzKVң{yT\H<냓\\\u\+GP:XO\\'\\24\0\A\r\JU\q\\ɡ\9\ZȎ C\Z\)VڝI\k\g0\\\r\۵I\\Z\(ҙYiG\U+=+α_\6s@^R\֤\v;\F\Nn|o@\05kb\0*\t\Q\rI\΀rܹuoE\\\\\uϋi</\	2)=h\0\\:hߑ`\p#>\T7bW\<;X\E\\\X?GnE9\؄\!\\0x\\nk\rJ\ݒ\ZU>k\nŐb?oSSkq(tm\Fb\n\\\v\jk?v8Z⠝\\eRr.*\*\}MFu\Q\{Tz^͇^\bzZf%yVo\ nm\DA.^_<aa\Cyoμ#\\+Jq\:\rܓuoҕr=~\\\Q8\P_~L֦A*D\Zr\WWJ[H\mRhčba\\3\\\س&TP78T&M໛ڽ ȨXf}\XT/d\RI kwjtk2\\\\b:T\"\)R\ߥ!!|\ܶ\P%\ǕK\ʶ\ovb	:\\ޠ\I|D)+q[\ue\\{>R\iYXitc\O\A8=~l\lmm\\E-ճ\\\Z\\\\WݺU\^\0ьof\Z\2\9\K+ّF\-*=\;%Tp\w6[\zR2)P\\'\n}\,`X`\1ɨ,2#jZT\p4ųiJ۷\^r\\ԇU\\^l5Ņ\Dm҅\\\:\\\y\ZV\rÏ1\\\-.\Z\֖Kn0~8=)T(bm]\)50\a}ߴ\0f\wILm]\AZaj*N\Z\a\Z,yҲ̩%8\7S#\#%\Ja\\Z\\n\17wu\/sSwo\"\\v};*ۀBEnzVm:Q\B\\C*\\J@و!H18xó=Н4G\Ne\\rf\J\\u~G\\C\Z\\2\\^Fs8s=)T(a\0f=m\\?w\df\_t &b\t*G$YTK~&BҤ2	\*(5\HY_1jA<$ڣIgfu\q@L2k%t\rn,\Zé\\\~t!~&\Q۝6I\@-6DG\[\z\n\p\d|4]@~W؏H\̶l\Z\GA2<(f_\+F\rWPeap}S1;n(\Z/$\%\w\\rO}ɭqb\0oM\\\S!)!;\\n[\Z\Aeu\+\Xٹxiba\\X]\ꑊ. T	\k\Qޡ\\.-qIb,6sPr4I:8lo@\!:\XI^\\\Z)P\V\a6\FШA\H\0P\őfMW\\0gd\CАF\\	.l\\\\0\r\P̛\[}r\Sɓcl\\\$ƶm\nXY\iժ7\<U\\\LlW[`Nݫ\n{t\x\flȹ7)\\C/}\`le iSgl\\l\'\9xTBTy\0A(7wv!Kf\\\nѱ\M\N\0u\\V\]T.lNPMvw9\\\K\Ov\Sfie\\l\=\0\\\M\\~ˢ=h\0\\\"Zd\٥|Byf&\S\֖\\\j\ӥt\k?\\$)/\"\\	}I\r\ tK\nRr %\zT\\\5\'\MJ;\1W1\\\4[\Nu\in\\ibC\n\9l\M\z9)VB.I&sunW\\-\ĚF9\RI\0øh{Q]\\\i8\FP\_Ƴ6~\3rgwK?` c$\j?O\rZޫd\\nڿ\|O+\0\\¶c\g`ʎ\n\z\~\م9\\/\k \@\mb~uc go\9\\Qikzb6\\\{^u\\-\x\\\9TqTT0Lή\ģZ\\80\KT+Yאn4\\#QBQQ[0?mx\]D&\<#\H#\Fs8s=)T(&6\NIS\\(\Ø\"f$۟\\ٓ#[J=V626Ŕb\0f\t\\n}3WH<ڛinUf+0\>	\\\O*h-i\#iK%-\\ Eg\]<T$o#[0QVHJ7\\>O\Z\ՇB)H;ԓsN#!Ѓ\¯r/\{ki\ǒ\ս&!{\f&\υT\\n20˨4E\CkEcw\Nk\>ߘ\0[\]1mQ\\αp\o[,ٸ1\0t)f0aR\ԺX\`mwi>|~01\=)\gG\xږA#0\m\j=ʝ\E\"\\bՅ\q\Z\\֋o[\r|,w\ϥaZ	lb`\MX%qS}\jLS<!\6]\\p\kqH\O[I\ncC\rw\vX\\"\>\x-2\\0\0V7J\*\\-d\/\YP`I\0\8U~#kl\r\3kX\opi\\+8t\-06\`UAjh\Z,\V\0\Mbn񮴣&.[\ !ru\r#q\"\b_o<\ǆ\"2tp.\nH\\ϖFp0.|\n\\d6\`tP\0BV\ƣ B@}MmBF$\ -]n/\_\A@[zߝd\/\Y{P`K\{c!ʚ/3@\0,\\2ׁ\_Cב\\m\\'V\\Z\z\Z\A?sa12\;\ZԇEҴCǍ1\'6\M\PAj\28\↙jg@\\u7V\-oʮ#\JJ\\nOX8\bI@X\\0\~3IRAҶx\Bu,Ut	̦\UE\Z@\wG-mK\Qt+~m{Ty^\!}ot(0/·3rg*_\ȎPbG6<#\2\r\@\0,>ak\\U\x^(Pkm\%\\c!o	\н&K\[$\f`\\婴-\^\\n\\\ŸV\x\\8\:s\n\l\Cf\JLb)FpȣQXXb#\Ϣ!\X	\\0n\8\[g\;	-V\Ķ%\cAafhՊ\n\\\\`\Z&\M<\-`i_?\X\$̏\0&\{1\'*q\zRQaV+qD\ry\|ǭ\_$}Uf\~#4i\mk}\ڬ6|ն.vFq\Ioke\rHҮx-d/IZmiI\r\\p_ְ\[\F|&$#=\Ql\\\\:\͔V\\n,!9&\B*(`\S\wX-	w\)>l;4b\n\\\ZՅ#\Z\0\Z\kߏ3Jċ\Zh\\\0hIqһ1\*\=s>g(\n,8z\?=f\'\\YV\K%X\V\M7\\[g\Õц(\0孚s`pg\ROV\Ny\ۊՇ[Xgڸe\ΰ8_KvEeDMKᦓ1\1j\AV\uha|H`\a)\Zgp@C\9q\\0\c1c2MynۧN\u\\\\s@\r-ez\4#ܶ\0ԞZ\2\\\\\EƆ-l\IrUt\(\n,\0Ή\u̡\\\l\\\zV\\[a#\&\[dfثp\\0魔\f\0֔FE`\o:b}\U\˯\Z`B+mB_h\2\\[\"8\iB\\e\Մb\\noұ\\b\E\8K\) bM\\HJ2f+m5Ӽg\m]El&*x\h\;R[.Yu)\\z5\Q\#(:\Ҟ\\|\C\\\r\6]\@\0,4\H\()\}?	̽:M+O\0e\[i{\'ƶw\0h\<#Jm\z\\\\ݣ`\ٴ:Ҡ-k\\\+\݁qip\I\#{KL\\9)\\aī5ʾuyP\yԐ\rl\\\ˌ\Ze|+\Q\:bA\\JmƣF\0\Z^:\S\8viNeS(k_\zPr\=}u̚\r\@\0,=Qrl(\3{|ˣ~FL\Gӎ\0f\[o|i\\9+\\\4])\\JQ\*GҢ\b6\Z\QژчTf9$֏58\Ja:;>Ф)%B\Q\:\r\\,gB2s\Ml2F@\M\\7\\V4\@\J\\"ǕF7£SܛV;\Z\߈\: c躲bR.\Z\\\/~\\(\@3\=\"8gF\Z\\0Mi\\"GٻH!`ܿ\rd*\\\LoV#0\xԛq#\n\*G`uT۲,.+\\7cf\+>:\2ħԚYW=wI]\+])t_Q֡܊\3Zµڤ\;H\z[9\js\.il\"bM`k2MvgtF#\\t\?_ef\n.iT=\"\n+T_\V&͇s\շ\z!𸯽zH\/\n\/g/\Z\0/m\rY\\HZ	\n[Ov$fJ}\Ҡ\.w\\.r\L!icnu\d\ư\^>\w*\)\0)V4ҡ\\rb~\	B\0\cw\y#B8\ZV\+\ߑĀ.hSr}3\r#\F`\J\ǐ\\X+5ko\&\J\\\qAz\Q\\H\.[\'\\Cή\36c~m\\݊\͟$-qғ\\{\P\k\\cn\rWB(Tv@\x\Z8\\dl\ζ;\\fCbxʶtMPr\ư3\\nU7i֢>UrI\`c	U\є5/\e,F\\O\.Z.n\\\{\nE\QdQԲ\\S-M7\0\0\n\\\"s\Q\oL\\\\\SEp\\[:U\\V7U҃ko\ޫS\)>:^[_9*W!T)+=\|><\r@æ6.\0lca,\\XG˥$ZJR-RHr*/\%|k]RpbA\K27}/@9X\\0\_)\ۭG${d\\mll\0l^[Sə$7\z\J\\6\<5>1K\0uv\\2\Qঐ/mҷtʮ\W\Z9B\aXx\DmX\n\0J\]y\\\"UMuGX\`	c\dO+6*H\hO\\281\4\[\º}rK5 U\H6֠_dF\NZ\\\`|-J\CZ6\0]\]%qlVH-m\T\'^m\\ÅX\\U\0Ε/U9l<^.f\0E:iz\6bo\r(9Ƌ\P\بTaEr\Íawt\Nm\֨S\\r\ʶ\\\_\"\  ^\4\jجa\'ږ=\VIʶ\bk\V\M\^aBKf \Z0!\ZB\\eר`\\ڝr*u\s$jk	\0Ytb7TT\T\l}M1\\\tS>}ZYU\Ƶ\rJۄ>\"<1iO;sY{\r\v\mj\r\F4\d\yҸʥS%Vn+:R\mQ(ʶmMl\\LC47>:\]\[[l[<YِuA\_:=\j\#\\i/~Qpo\h0a\tsmUz\\}\=:Ac|~u\'\R[\]bf&A.#(\/S\\6u֙\27&\S\\<[j0f(4(\\\Wxot\hxi\\,tݽ7\;QT!Bo\^\4Q\`\#\\,\\07+\]O±2gR8ksXx\LBzP\n\_K䟯\hk7ZY-\\;(acAh>|\\\JUi\'\]h\0zy\>\Z@q\\\ͭ\ZMN\\ֵ9\Z]\m2b!\n/q[\?)-\n^&;Ã\L\1aQ\x-@3{54FiZ\(aαp4l\\\Mδqf8\\nNncʤ. \\\\`\\IK\\(\P饫-%lQ?I \蜇_PUXX\\2\\L~ztR/{cf$\N<\JU\n,>O\?\n\i+Oy\\%5H\3\\_yi\s[5S\n\rC2d\ͭC I\n\0Ι\i׾<2\0Ӏ	*-\\JQ8\\]\)xB57˥\֕\]\u֙;\xzBS\f\\r\)\pL0(R\!7j\\\	\0\\2Ϣ̚\Ұaq\\F,R,È\N\JU\n,>x»D~ՆoToS_7^x\r\D\ޥ&4ʲ[^V\wAl\2\\Ê\El0\V۝\ZF\5Ke\\rA\)B\qE[<D\r\Zq <4\\\l\IKp0 ]\0l#_dAW\n.M\0X\a`8Z\\}M!m\\\CyUǑ\}sog%s\\-!*Y\\0\5aw}\\\\\\Ṁ\\M\\ڐՏ>\"U\Ŗ\<nti\n\\\J\7hx*\R\\+\'\nkm\\6֔ [nmCMծ-of۶\\\ٹ\\5\By=7Qҡm\a\\M\\\BbV_\P Gf\n.hȀptP\Z\0,\Z\\'S\\7я\XR_\"yS\W;[KyVcF4}j\\\[`t\n\\,E;\\.K*ǭ.u\P\,\q^KZ\\RrW\7:P2\+%t?\n\\V&RVn<Oa c\\v_\P*E\\\zl\zܤ\r4\^FU\.\r\z|xoaf\\@k4@n/r\~]z٪lcjCf\Wio\\\Ų\p歨.є~\PH\\6kj\rg\;\΃\xi]5:iÖ\n,Z˘\Յx\h7E\R4tJץ+]y\n\v\ӥl\\c*A΂ǘ\h0o\"8\%18,5&\;\\rs\}?P-r5\96\0hI\_\\F<\2\Z0SJ\\\{H>ժ;zT@\\\'KSbmRc\׫h\\\\\\#*ǅT0\\1b+\\X\n3o^6fcFB*)[6Faj\(<\2aH>\Qۭ)Xۨ\e\*\kfa\u6P\#A\Gmr$.mJ,iÍw\?\ײ<(f_\\n\Z\.XQ*4\V\'u[fKvRx\`]\ZDڮFj͘oηSҘU\\lL\|\j%-7^k%0ks\"\t\1j`r\'%\0qQ\\"6:2҃uj\0|hv\\BEER<\\C fv:\nn-n5\kgaֺ#ak\\Q%<Z^be9qkars(\:+}n9MVV<@\V؟\\@\0X-1Ȥ\LM(\0T\ZͣhØ5\܎\Zz\\01|Sr5>O\uL\\W$.\w|\_vH}\_\zQr\S^\)w47n&й\\A~5,+#\\\vg\3kM`\,uĞUBA\\c\ԇK`k{\\\n	<i}K_\*QbIS}\\=hGk\ۅ\\0\\TNv$iƙ6p2Ӆ]X6E\\\t7$\\\v}S\\"+C\p\\nYn\j5m;E\kPAkޘܼ\)Cvҡ\\\ި\c\Q*\GR;\\r񾢻[\&Ui]\KTv\-Q\f`n\r`\0\{+6[irM7\hyӫ/\"\	\YF`ÕN\\\r:T\nory\' $ӕ*\[\^\"b,Fa\W+ucyv9bz\\ڧK6z\m\\i#iV\'r\\_Zfj\2V9\إMҨ8u\\\լ.q/H<B\RF\ZY7{\\xEG``KZu˕_*)SǍJ\,E(\ҾԙPJ2Ʀu7\n-°Z\W3tLh\0t\\%\\H]m{s\\Eڋj\%(,įyՃ9\\<A\(tYE\\'T\oڳ\_\\l\k\\*i\"\\GϝNr#3?;\\;\R᲍ޕ\\o<\\*lǃZ(Ӽ[\"^\$\JwsZ	!H\\ޤ9ņ	QXO\{\\_Rf#3\:-q@!Flˮ\]޿\n\0`\0T\nXy{	r:hmX}\\%4\\0[\Z\l\qYC\r\M&\\w݁\RLXW\=\\rjJ\TǸh\v2I\?*W\\L)\Z\\0t\c{^\\Z\zTvrB\:Kf`ō.\\ΐn$f҂]\J\0єprZŮǝ@\0_`?\\\\\\\\\\L\0\\Zr\\Z,+\{Qɿ\\\YTn&Ʈ\3r\)ebW5}R.,j\8j9R/{U\5ի26馒\Ȗ\;\\]n4[\BlA7+[tT;\rqMJ/f(ǈp\L	\%e\í\;Ӕ\)R\0;\\j?3 t\QtPX\lx\P\\Z>%\Z{0r\rζ\K!@\n\\\\Fl\\0rX\_\kO=ST\<m\\Z\Eȸ\)\qu\ʏv8/\"\zRd\+ӁA=\XtU]\?\Rfy\\6\WF\nw	\b\&^\x!P_Ze\]x[j\tيGf\Q@7Ǖ0K(\eZ15Rk>w\z\hj5\:Ս_$`7F=\?J٪K)\}T\r$p\=\p 1V\\\'\)nwͮF\Qe\=Sq7\nf1\fo\\|ȥ\*7-*\ޤo\"8A9\<\\j,oj7X\n\\@-\k|iQg\\ٹT\LC]t\aI\t\+ŽR{E5\"ek)l\\nR3Y^TH\xJRKn6i376o%\OE0\А\ʡy\\\R\n~`я\{OJ\5ȻۮLH#\nJj\WP\1\\\.U\\NAut\A륍.Poc!H[\8ݗ1@.5[o6V:\ƞ\ǍMtf\֫ڕ>\{IX.ʔS\\\rb\KEÅ=?\Z˚1o+R\C6sʖ\\\Y:ʹ\rFGug9\Zơ\Z_w\A\6u+k8q@\K\\%Wΰ\/n5\ƕ.x0id\3)\K̶T^\{n\rF`改ao*dFԠ&\0X-\T\>kA\r>c\\$?\\zk\")Wn\S\fQX\\vP0m\Z23\\lS߻R\\^l\p(9rԗ%\0Θ~\\K0F\d\X|EGݔWT	/ۏ*BO\ʮn\0+sڝ(\Pof\֨	\[7\c\\pT2\\v:6\^R6k9y\*\0`\0^\\\\ҩ\'3\:{1Ѻ\\m\o\\vX\\\S\{Z\\^\\rYx6cL\'.t\B\X\U_J\nT\\\\\\\Ҝ\\?\H\\{\\Q82(j\Z6\l\\Sɜ\\'xL\r󥃻Xt#\0zhp\oʣuL+V\kƗNFA5_.$sB\uV`1\\J\쬡\\\{CXoS!>/	s|\r2\l\ʝ\4$b2]\$W(7b,^CoS\s\\Iel\':\8~t\Fo\\6R\)	fiSw7Qn\ڐ\&\0[6r\g ֣|\{R]4j\E\Z\@\ޗ>Gm6o֖],V\\\\0\P\E\?\\Yh)fտOh \`\\A;јMk6\nT\|\{7yàbC\\\0\Mb\\\X0޽1F\T\\e\FaLgz\0M.oP)6PLtU\R=kL##0\2p ߍl|[\xخS)lFI\u8LT+Y\'\5lQtIJ\ZJ\T\M<()m\ܦ\\y\\ls6/jh\\\\7kp[\c\mάd\,\0\\'\ԳI\M*R\\<\M!O\i!\\~]YnY\\J2\ݨ\ڌV7޵&X\:qSP8ڰ\k_p\Z\V\'jAxnV3hlJ+fJ\Z\+`.\t~[Z]4*\\{h]8j9X\\5\\\\\\F\s?C\\0\'\(HG\D\\E\ړv<Omll4\Xs H\2LC5\y\n\m\0w\*ٛV$9dk=\M&H&v<&2C	o\\\H\r\ZWp2/USk1t**1\E<)1ifmYM\M\Z\\L\\eȱɾbsn]8s/w	rI\O,\Ns$\,=+JsΨNd!#\mγ/v\	1pԖF\\.,ZBI*]8\\p\\R|;#~Xj~u{m6#\b~&5\/i0\Z7\ѿ\gk-Ҕ\\\\Ɠ\oh\د±\6kCJ7YP\m\\rw\Ǆz-b߿la\*g\ZV\Ǚ\H;ぬ@\aĝŷs]\ثeר\Em/\ڳ\n\/Kwp\|T.O-Cn49J	\\j\w؎+$T2@s&S\\`O:aR%\8L\n\r\\n\B\9NA$e\M\_\+mAؕ9\齫d\m)2mL3@\\\y\\\\dI$f\\X8yvF#ӅbC9\\\۸ٰX0`W|\\Z\\1d \1f\A\\IvA/\\\k+c\МL{=3sPY\R[;?W\\gK\MqO)-sk/*\ֶ}<\\E\\X\*\ߥvDՎ1\\9kR9M/\\\h\\\Z59dSG\\FN\T\xk6|\.r4\I$z^6ʺp\\x\\\3Q\\*\/v\\t\kTwʼ\\,y\ZI;\4g@r=\\b\rK[.[m݉\nkLdx\j\+\u\ǃk\n\\/}\n)8\\+i:<SEZ8Q\G\nMm~\l\\\\.\\\uF\s4;O\b#	Oy\L\>T;CqQ\/b\q\5\i~\9:@\llݢ	\D*\h\SAx|6\7\\oM`1\e\Hr*𭷶Y h u\u\[Mb9\0\\\\\'\b\ıGTAe\~\\7y\3\"_\\g0\\4\ݪi5\"\ӑ`\p#>\\ş\=ڳ\n\m\\\\yd\,\KO-\P\\JUUG\!\\\cT\\\Á\\һI \\v(\0\yT@_>\\ϕb;˿Ðۦtדf\c_r37y ެ&)&E\\Mڌ\\\&G[\\\vE\ֶ\iF\r&\"gg/\\\0\n]UE\e\gޮ\N\Z#_-<\n\r\\\\ދWx\[u\n\\,\0\\Ӻƌ\l\\]\\+\d8\K؛i\ZlZc0\/zbtd\\6\\\6D$YU&M\]L)\Z\\|y%mL&)v\o\\i1\MGx\\0\Z\J\1\b̥X=+/\O\"E9\+\W\y%\N\2\\p\\ϔe9\[ke\t\$qb]#-\/O4Ir\[\j6_j\&2\w»-\mm\Z\1\P\\l\E \sc\>\<a\i\rbk\\3\1P	\Zʽk\08YpdѢ\3l\\6}}?rJ\'o\,\);\\\'Z(\Za.\y\\*[!ڻC\\r\mBH\\R\V\X@qG\ADx؋\\^\O]\\9!I\\n_LηJ\L\L$*8\t7m\$_&\\;\\Ge2fᯕ*\\rs\r\R\i\\ܞ-n?\M%rV\[9<j92-sS\{\|)Aqe;z<:\\$_{vCQ\\03I6@\nU\\\\A\\!0㰶\`J\\\\\\sR>\<k\n\0j۷\ʿe	\R7c\0\^\]&\\\"(	>\Ս\\4\i\'pƉ@~\\Z:4\VYC\	ض^!a\\'<o[ib\f\ǟ\"Z\[V+h\ֆZ/Qt\+eѮ\rģtuΈMp@<\eK1lÅH\'R&V\\ރM\u\6\Ƣr&\bLr\\핾a\l~\ZH`ø`I[+ec\)&~튜\\\n\c&zK\͓7\\\;,L!+9\O.\\\K\<wpR\Q%8ܯ^b\\{i\}\|[Ggl.Κ9G\\\\6\\\	3>N]+f!,x\PΏΰgS. =\L\\n\\ݑ\Dr\o9\\"\Y\\\N\Kz3\r{\Xe\#I\<>\^\J\m%\D\\>\Wf{C.\\*R&X<m3f>.@thz4~	>Z\6r\e<\ʥ\fM\LPwt\U[Ts\<j7\\Ws-\\*PR߽\\Bt\\w֔\\;+\rm\\lw\GAQ\pΑJ[Q\?S\\o\r\0\PIT~\n/,\6P>bA\~c\	nOF\V1\\\{\jx\\`ʽ\dm\\\9pJd׍v\n\\/>I\v|孝ĕ\\\k͖|DnM\	V\\n\\cg<\w+ˏ\\>\\\'\\[_\ЋH0\0rV\\\\n\vz\\'\S̃\c\|\"\\\\>\83kgmMmL<0x=s.a𩈏\7h8\k\\c{k´.qr\*\\\k\\	H{l`\hp\\V\\\N\\\m4dp:\\͏f\\T<;>R\Zi=x\v\c\0a\\c,\0Wku\rg\\\\<\O\	\͘>clS\\N\\X5\\,ͅı	lHFK\Qbp؅g\p\N\\Aͭ\\i4QH&\,\\#h{\O.*E\\*\\Y\\\U$ϊ)l\\Z\.iD#dⰦ$Ý;ơ\ⰢWP\	\x\/\'0\d޳fO\"vEABw\Q\b٩&\0\slvF;\\\f\\\Z\nR[+ѪJ!pI<O:%r\Z\{7\D#=\\%\(aw-\:\nY-R\һ9p~>ńb\\ԻM\\&6H\I\\rL0\7{74\^	HwF\"\o\\3C-1%\\AuȘ?H\\$\"Ng\7\Z\O;Kx \Z\\\\<F4B\!n®LQf:\\l:[E$\tʶ^?8M`v>\~`ZڛxEDM4W^7f4Lx\iívc\g6#M$,\3E6\hT$rf	k\nÿ{r\Ԙ\nқ)67k\S\FeQ\J\\<\\F\K%Y_]\ͬ#bRiH/\\[kwX\ \RHcw\t\*L4Da\}V\r\w3\]\b0\-#\x\IDȏ&\HO\\8{\'ư\\\Y#r\"J[ ʶ3*I\\4*mʶ\\X$k\D\r+C47\\\Ma\r=\YΡƇ/1\X1®\UxgBG#K B\뚣q[,\\)O^̟$ū7]wMC9*\ک*\K\3\ZT.[\\jĽ]-!vuj\\Z@&Lڨ\$stVRF\"Y%\%;ƞk\>azǮj\؃8\۽:c\rl\fV\>B\\\׵6\"ch\\HX\\\\\$+\\FMb.<ka\\<#ߐ\Ҷr&)S!{6\\nY\\u\T\F YUd\nuv\X~؇L(V\vN\\kcvh\E4I$9K+g\<p\-pcX\\\\\\\\{7\bpn\?\@Ίc*I\-+\\'\r\\,C\~YkQ$`p\\mA[3dˉ\\0\ f\\\\̡\\\\0_\)\X&\"\BӽXx5y@\^2J7\4\"\[\X%4\n]#uGlܫ\\8XA%\+.ΰLRy{wMnW\6\ZMy4H\$2>{ψ\,0L\\i\1apM	\"ć.[AҰ;,\\I_\n\n\8\"ǘL\\\\Ì\\\l\'OML!qdY-x\`\{d\Y5\U\L\\j?5\`\'ʃeݓu\ݵaq\\"\ijG\\|jm\u{\NW\Xd1a\԰Io~4\[.j^\Z\#y\WmKCI\\/b~2^\,<0$gF\0Q5ǯT\ #7p&&SP/C\\0ʖh=.~\qmh?\X,F&_Hwv\\V@DG}2֧T\\\C8`\>\tF6Y4\{\KbrPGA^\\rwt]ϼ\\x\"LU\r\ig\\\w\\61wuk\>\>\$Oi\\\һ+\\91e\rjŠxa*0)\oeH\i\nﶗLf\3/^\\)jwX0FmM\\eRM\8;\n¦\FS\khcL^l\'3~V\F#\.@\\'~u\\\,q\\l;aF	a[00F\nw\7\̒\\$$R_\eܿaf\pƿ2\po\viE>$.*ۯZ\\6D\\\\Wm,3\j\W\Hjn<i\1x\\@\lS2{Ep\<£\\\\'\Ӌ.ɖ`l\K$fv\'mX\+A<3ύ.d\\~֧\_	)\	˚\7Tv!\_z3RH\'\S)WjHr>[1\Xw\ڙ\81\¤K&ϙ-y\e\QF\\k5\Iv\Ξ2\\Lt\Qxf*	qR,AEMJ\mČ}x3wy\\D\C\n,N\\Ρ4Xd))rw\/Eќb+!\_)1\r\F\k(\SX9\0v\xx#\ݒ.CZ9\LF\d71u\zV9qFУ\LcCr~r\콦\裺67\EK\v5n0\d\'\{\jl\BɆp<A[ҸSG\\Lw7<Cf\ɠ\N,\pƻ?1X&\\(\<3JSk\\}}<PK$x\#ͬq\\7\5=~\njkT\\{;Gm6oք\Ԟ\Z\\kfôq\ZLz\ް8_\p\\ĕNL\MAmY\Zz/aj&\"8I2O|\\?Z\\c\ℳF^B\"n\\\\0*&\':\mB\i[5\a/x{K\0ެ3\rfa\CC#\z14L\K}2\]ژ\q\A\$)rCkzٸ\6܃,\K\ֶ\\p~=\\nƭo^\XL>\"D~\\kk\\|Vr\x\&[f㞤G#wr0|\\r\(\\3ضh\Q\ٱ|DvR\X\{\Ȣ\\4ŅD4;=2\\rV7gZ&b9V\\\xnV#\\\"\k\r\\{6u>\|É\:\r6+T9\\O-I\\\YEDu*=lo\\\2;c2n{X\v\\>ωy4y\[0A\]gG0\G*nEϕc*\\I~O\\f\9\Z\q\ݦ!rn\w\\z1$H`w\B-Q\\,e\nH\Z\0汰D_	\xH\+.,a\nXP5\e\\r\\i\\f-9C\_!\S2z)2/|\\\n8I&8\C*L2\rJ8\I_A[\\*YW\\i]&#i\I\0ʮao\+\	 ʽ\_cg㶐<\ѵ*\wq\哺\C;qkx<[my1;:\"\yGm6oքe\\\C\r~Gf*l\0&\.h!x9F>#`zT\"`gI\0m<x}1d_Hbp1w\ \H͟߾\P\\2\"n\\=\L|<Pdy\^?\n\\\a*ژm\\&27R;e\0W\"Eh\$9\\a\H%K9fڗa2}!Մ~\\rl\lbgfm++`a\\0û\\\r\{G\r1\\r2t\\f\;7h&!uI\,G0<gvTF|NPng7z\\\=ʯ\V\\)Nu*Z\x(5\8S<pGJ\\\L\0\\rbv|0[khv~)\k+O\\\r(O3[\&qq:7Ӎ/샲e͜\.\s\ߩv˲0&5\e#\OJ\;+/!˓J[5l\\Mmw\ēj؛B|Cs®Hl\\l\COd\@\{\0갏G=P\M\\!\u\!1\6g\ \d^U8\\Z\KxE<DPǋ>Iʒ=!!\\)VN@F\"n\BQfb51\\y\\raqJE\\].\IX|9\\N\.Q\dٱ\r\P\0T1;\u\x\X\\\\\'7=+e\D퇚I\\܇λ5\ǎ2TÐQlc𭌋q92a\Sf@o]@ \\\반>g\\\Vb\Óz?=y\0Ej.\ӘT.t\s>\}\"\\,2\ȥO0\\MU\DgQ\q/C[7`l.\zf^(ǝ\f#i÷\2\0\\\\7\LI[\\i;ݜ\uf\	$\rc0r+\r\OJiH%U\.͒DYP\\\S\\Iȥ\0P\"\\r\lݟ\O\r/\.:	\<{4R\L\\Z_-p\Z\C\ܪ&{W\=kd\rb\;a=۞olaγe\\[22ČCXT((-\[R|2avb#̤C3X\\i1	m\U԰\F.\ҋjx\\b\C{z\-$\0\ˑ\\\Z̼QD(\'pqaƻE\\f\ڑ3>G\فaq{7e\\LK>@\\\\\\\0\\\\}\߷!_$\\x#ʙ\'u\\w\[9\I\rУLA\,G!)}\L\ўt)lI\9o\±s\&8pg\rʬ\\\$2o\\XH%2\P:\۝)\\;#u\QX\\>KI$!#/\\\0G6+\r̦H\W\+]YU\\[d`\+>\D}\76\[*`PEH$p	\[iÈ1aǈoۧI\O,r\h\f:d\_:\bIn웅v \\(7S?4OӘ*\ˠ\:C\rY\G_Qs.s0\>\\'f<aqѩ9\"9I\\\\z%AZN\\T\vԃ$\L̈R\\cD`Xr73{f\j\r:T=\\=\\\\Z\E\dD&\m,eFb~K\0\+fma,[.i\\1\0bp\^ӖkJ\q׎aֻ!$\3xQ\#m\ٳnwMl\Fg}8\ڒI,W\Zs=k|-:\LJU]m\\[;i$FE\7+X6\bun<KҶg6MOB~\A~\v/\1\5\a\n)\'yy@o\ZD\\%\4e\[S\\\M8H|\[G\Z\vwel\\\6.*G.\Ch&\?\\\n\cI\L\\\0?5\aav\\\+F\\0f\T\\2\r9\n+cӅ<=\g\a\V\H\=ic:\\)\0\a\i\\\bQ\4n\\X$r3OݸW\nNM+%\wo\MmJFӖ q;w\r+鍉x\lD\	\J\c$\\7aw\\%\\4*\aqˇ\K4YjH%\\\,r@\^9fo`åa}\F\\ҰSv&\\:\\Z9ʻ\w\/PS{2??I\:SXFc\D\\0\\\\x\X)xd[\[\\cq\aą\u\W\͵pPN\_|\\k\r\\',\;\8\n\{^taޕToVG\Z\48C\\,\0\EXHE\L4\>\KfbdGi&\9\^ٻ.;\<\_h!\c\Ms4R|YՆZ\\\il\|b,f}7#QvW\O:\<<B|e\[ް$dpZ`\'2$*\d9PowJ\cGu\Hs\ښ2}v\03\\0iX\WSe&\r41\#\,W~\\"O\\\]T9\<C\eE˩b;Kf1B\I\͗Om\\<RKu7k\\\\Cb\"\\?\\\K\\"\0䭩wꑪ\7\\OR;	`%\Z\J%Dh.k5\HBh˾D!\\zCyGy&\'9\ubaW*\k<N\B\\$\^@/*T)2ٻI3\Øc\\\0m4Y\0e;I\\\0\\\ H5\'H\l\\mI\[S\DCd7k \\\0-d\[I#\lt\\}g!a&\'rs6`ln\ήmuυ>\M\+\nn|\<+ovke6$]>u\͏\\\,+\?NyI\"ĳ-+T9ʫ*jz|+am.\k\\\\CŶE6 tkp\V?bcb5!6I4\S\a-7WeF6S\p\{*-\\\<u\\c>,g !g<r4a\\nYX\X=VV\'𭉊\\Φf[۝aЫɘw=\opk<%\EM\\\|@wڜG\<ll,־n_\lhC#$3Xw>u&ʚtS.\\i$Qk\b:|.\e\n+\-\kQ%{,r\0G@L.vkp\GV\\\)m8\\(M:Ȧk_ _\\2GK/QαNQ\H\\3B*G\'\ikd\P\\aiV\\v\j~:\\ш}]G\ZS.hX|_.5xC?ږ\i\\;B(\n\nΟ:\6CU;\r+\6S׼.Nu \\"Xc)ݞ&\\~\ɴ\'\9\[қ\\\\ (Qa\\)\Z\\jp	\\Z\n@\rb&\c \9S=#t\\X~\C\t2(b͘Ml\0%;ѻ\r9Wz\@2./Π\˄`\\A5\\\\0﨨;G\F.GZ\\$f{<HB\9T*H\ͺ[2K\p?\nIƷgsYI$u;/\\"OrՄC\fg;\|*I8\\0/!u\,`q͊F\q<\dc\"\'I&͘Z7=\z\xڒG\0\Hl_d\\r/ζ\r\\\G\0\SO>\I̖\\\+|F/l>\r:a\BSǈarn~4ц\ZI	-(\Z\\SܕE(bu6j\rB/n=i\S@r\\葤}\F_>&Pr\3+@\1\,3\.fX\-\Ksbd	Hţt\n]\߻,#MÝ%I\\I\\<0M\޶pwQ\\\"5\>\زF##}\\\"\ڿ2/SLT#\\\?\F_ݸv=٬n.a\ŧ\\\+dl>\\GP8\K)4\0l>k0C\\I\0\\\(^Cv\yU(uN\qq6\.isGλE\bx|\"9\~8\#E3\[$%#G\\n\|P\x\\4t\.<w\\"hA<iq\0ЎWa2,BOK>\\\5\\'\\Q\[6B\n8#\"1ps\\b)\\rz\46myQ\\\"\\a\֭\C+\rE\ؤ6q[p5n8󭏏\\RJ\N:fĒ\\0\oZaNRTα\3ĤN[\΃eQ\\Wav6)\/i\ʰ.\\'In9)I4c\\"Y@7AfƞR\\\\MLkx3\:c\{_*ZI%JbPm$\n\\"׬D0\1\Q\c* \\τU\L\AP\%ŕ\oJ\\DؔȊ\T\0\Rb8}\|\\\Գ\c>H4\֦\G$v*T@j<>#\y]\\0\0\]\>g\v\'ѣM\\/\0]`x|+(G\\\\\ɠ\9\0\\X\o \\?1@.5\\P\f\r)St\\iX0\\\bi~$`m8}\tQ\8?ӒOe\;Y\'&\qE\N\M\"\\²G=)B\XA[k\\\\ rf9\<	7y\\\k13xq~\9n\ʛ.&!Sc		9r_\"C	\vR3\|j)\*8%c\ՌT[\]X}y$h\kemb$X\̣\¶>ߗc\Z[ݫ\)N][+Nul)6\ElC[E&Н\`9oj\\Yv4٭.}-\zؘivf\\\15:h\ZddѵΤrT\3V\\0⥒Xh\kh\1F)\LF+9TឧB\\ߧ\Z|^+\p4ط\af3K\\#\Ȋx\&\ڒhOAI6\ʨ`{qsvֶOb!\B\p1a\"\\)\+\0bPHjR\n\pK䟯\T\>kֻ\&=c\*9|OT\ip\n\V,`?\Z\z\\\#$r4j]/\+ڸI\G\k70\\\o	\\0*|P\Z!VSđJ`e7\\*\@ޡ\<\Ks>\x\5edpÍD]!Y\&\"r\\6-^\"rk&-9{\A\+\ZkBJ^t\\QkTs$2[\\.Vk8Y;)\j=d\yA\ۍOd!k2\kcݺ\?sAB!S\)n_\nj\!\Cv<\\\a\6\	\qY+qLx:4jls\\`6;\Zdd\\Z\\\lF\\'\\)c\\v)0dxu^\Bap46$\M\Hފ\'b-ʛ\_얗A旱\Q旲e\0rGٜ8\0t<1/\Q숓ܨ\0r\r\==ڽ\au\?_ef\n.iT=f4)\i6\0C\Zs>c\\Z,y\Z\v8Y\~\޷\\ϐ&_<\jCsJe\\ץ\ճ?ύC-\M(fwbxM22`w(\0V\\Ƚ$x\b\uғƖc[;LyYؚ9	i\"\\\0CL?DUN\0å7agn僕\X؜/wKHP9Qvd*^~u\1\\\nTY*\je\ѿZȤحwz8\ҽ:WJT\^+ѣ\]\tt:Tt\\$sV2\\E\\֕I9!\\\:\!U\\\S@]Xf\}ڛeQSl>xTfܩ;ʿ=ܤ;\\?G\\q\&	?ܭA\\\Pvk*\r~ZwJxXq\h%]\]9\/\"ěڲ/J\Yj\jֵ2\ǑJ?\U-e\ZZV⥢@:\nݴ^C\J\z\K\wRa7Qfha\͎ҟ*ҿw8t\\G҆\r*X\*X#F*T\WҭA@7\0[\\\ڭD,xVԯ\(Eƣ\\j[\(Ka@!A\{+6QԞ\"s6z4a<\0T\GdVJZVQÙE\nѯ\jZV}6R*\o\ǘ\iX7\>U_QsH\=&V<\"\\\ǟZX+)N1@.5\Z\Yk-e.aYk-e\Z\Yk-e\ZJqׁ\r+k?E\*s7C\';[@.ǀ[juc\_\j \8iX7G\jZD6\\jZVU\jZV}+[\\0,E\\\U\ҸV`\I9!\\__V_\P\}.\6Qv<W&V<O\@u\Á:\acNր\\V\n\>\.X|ZT\3xJ\\FtrzW;\A\W%.OҮQԞ\'\l\f7(=(>\"\:*X\_i[\i\f\̤t9\5\ڷ\쀁$\5+n\\VQ\Z\0\7\߁}CGӲ\te5\9Q	QVH\2fʼT?d\\05O\06\Z\rQIPO²Ga\\\id\7\\W,JRÇ\ \\9V.8{K\\0\s?\t\Z7ZY-\\;(ac@ѵ\\l\\0\0[ˮdk7\ie\\l\=(RNg\\t̡\\\/\\0=\0	\0\0\0\0\0\"2!13@BR#PbAQr 4CSp\\\\0?\0\0\kPe%.E8CpP\4$&88D\%6\C\\\0d\!0np\|Ԕd:S?\"\*\\D$7\n(*d6\"jHd6@H@Z=PPrGxⶕ0\脄\ݡ%,.\0(C\h\0ҢuZ8\2T\f\J-`kKѝ܉T5\\\W&@u?\:za\\r[\38\bj4\n\0bN\&cT)p\\<$B\9\\\)<#Rz\0b\'_1|\\M\\\\r\\"\ZCþڍu̝A<1\kH#ڳ\\J1ߋ\'b?\bK,M\\k\\"Ԫ~l=~4`\\nFj(#𱸦ب\\&Ŕ`\\\-g\U\r8f⍲\h\o\nv̧\؍򏾨\=K\\>n<\\'Y;:&3a}7LѶs\\\p-\o3\\axw\\H\0оU-(;,ީ:\p2\ElΎ=3S6ht\4x⏞T꓄\\\x\O\\o\I\5Q\\\Ni\c\5\9YBٽ\Z\h_.\Rj7N\\nWS\:kg\0n\k\|&lvҩ̊D\V)I\G-*Ӽ\\CTJd\G\ʏ\)\a7\#u!?*]ho\T\M\Jܝ>5\>P\n~\n\|J^}S\rجSpP14(5P\C\T \JVHjH\\\V(\"Hޑ^\VQ̩\\ܩa\7Q?\ԏvl	MI\*B\*ceL;\ҧ\\'չԝC݆	[H<<$r(\2GQ>Ή\\쁓qP=J.wdz;l\\\;\nRGYu&r@˞\QjQ\b=[\սH<I\겒w݊}I,0M\b\nR\r=V{;\'Nf\*\rHtU5	\bO\*}IW+:}\&kw6\nRnR=\3X~I\\&T\z+J\:\\\n\\\A6b\͓՜\؈\\\UjGhs_wb\\L;Uτ`\_l_S\\$IWW\\|Sm\}\\ڕ5՘Y{vn{\nkYE\'&s;\0\n)Sl¤3<_RIR\!,io\\"\8X\0z\AL&è\\ڥA\0z]S_j*9\\m:\j\,/;<\g\u̎\AW(\\/QVV\P\\c\0\n)M\\Y\n֟\D\\F\'!\0!{\0\)\ຜ\\\0\Y-	\m\y }\'~p\`ѽ΁Y\?\\呡̴s dNb:Q$\Zw{=ى\X܀<Ǝ?\DXi\90\&EG4-eL6#al\i\\e\n\棔o\0\ ѝ\Hb\@Їj4\\l\~N\h\?R\l\0\"7ā#lf\*\\\L\1\Q\\ѿ\HJ\\jW\Ƀ!@T\:ܤ&~)\'\o\2\sd)F\z_ZВ<\b҄8\<\"EfR`\\\Z<\VB|,ꌥ=Gx^)\\\I\)SS\v\<&ڶ}C\@\E \9\QM<^iT\yT{\rs&y\0joV\'Us~^\VF\rvnw\Zx]{f\\F\0\d[>#F+k\d \\ΩdE\\Z1,c/G1\\\3yJ\0[<\JL|\%Yz\\ޮa\nh	~\YQ\\\n\2s[\nW[<q̹jC%\!o\79T<\\J\ \gPuҪ\W\U?\'!ܨ64`d\\\\M	pК\7ϟ\rL\\\@x1\z\c2\\Z:j$`\4\\lp0X8ȹ2\\0\+ָ̋JL煚3hpʣ\ݍG3a-	\]\QU#]fu\\\r5\\4\\~.oIOHY\ޡ	\ӓ0QUIf?\M$5cgwvA\74\\7e\S\J\"vMp\b`鄐S&\r|7\\6Ͽ9\B\"h҉\Z{/\'F|ұ\\t\0\{dG\9&VΠ\\\zٹkVdT;2iT>R\0݂0+x)vLr\}\Z7\\\=_( Mö6\'䤦y1/m\r͍]ɶ$WA|,~\԰\VɆ\Ee\X,\n\X\O\\0J\0	\0\0\0\0\0\"!2#13@B4PRbr$ACQSacq\\\%ps\\\0?\0\0\\k%0zO\$q\da\\"͕.%\=2`w\IO\rda\\\,/p\J9\*H#m%Q\rDVy)\T\\x}.\\\̀iP\\BYڰ\^!}SõK\9\\\\#C\Ʀê#;ό?xe\U\\~jI)\w5pzՆ\H\'S\<\x\s}W	;j=\nA!Xl53z\/K!I.-	\4O\H\\"91\.\\H>O]\r ݼ׊\r\\G\\0$~9<\3q\ܮ\\t\S8Fȩgr\\\*Y--p\i3\$XtI\Q\ytȼT\091އ`C77q	A@RbT)&\\G۹;\Ԭr\n\\2]k:RTII1,\\~K\r\DW\\DYRS\~r<U`ef\'J\=$!t\0/$l\)^\\ON$)\\XS)% nL\\nob\r۰u\:ҡ}qB\HĄ7R2$\*u\n\\V\+\L3ڡ\"5	Wz+E=\W\rvӓ*!5ʳ#uA\C(\MĢ\lm\NIDw,MRoFڑ6M H.PH]ۨH|\\.O\\h8#Yiҙ\\X)~,śnTm\r;u\'A\\\\x\"\d<q\\Y\\-4\}\)l\rԩm\\|\{u7].\A\\\r2B\\\|eK祈\\\d	\RyGk[۠\T]dt_7\n\\+*xEձqI\\[S6u?\}\\V G\T\'d\\U?\Zwo\U]8\\@\H\\T\\0c~Z}.5\n6(`<e8	w\#wd\F,ӣ\ҩTıδt|`\ \\Qj\&TVq*\3RWnl\b\X}8Q?\cPf~\0ި[8!@6U~-U^ƙ\n)\rv\\eD\04\nmHsa\!\ZUlĪ\d\I\3t&\/+*/%@\r7ߘ\[V\x\=jk UL!xz\ZUIۇ\\+\0$\JwҠd\Wӌ\\%Q\|B\w\ۛaH\7pMu2S\ԩ\A%_R1A \Z\\\_2\SP\'Y\\\WU\a\UyD\n(US2֧\S܏yd\D{GVj~~C|\0|\Z\F\)\U<&\d\K\A\\N\x:ϧr3FY\m\U[5\'X}pPp\%d92\5\ԥoȤ]Y&R0nmRu\nlӚ+7 ܮ\ȸTV\Z>3\=\ӒؑoQ\\Z7\N\\-\\V\YԍW9f\\\X(=\L\([%HD6j^\W\".߂\)\\)$*FiS&\X\`_P\)me\锏=\n;\FfV\\K*z w70gU5\ \\\\\G\Keid\3)^Ņ<nr\/\Xd\"\r4P\\C\01})p\Z\yfHgĆB2\\]D͓:j@JxDco\"XddbfCySB^XmVMaxdCEhrk\\.% \\w}?J\LDǀ\rb\JP!?bX3Еj(\E\59Z+㩰\\\(\ZQ+#2\\G\: x#!菒\Br\A\=K	\4\6Y|\\TV\\0#b$\n\P\ߛ\\z:3Y\0D\`\i[ٖ\W*c`\"?)9OT\c\rS\0\g\\O\RD!\̛5\\\\Z6)\"q\i짏a<Ay\0Ԇp9$I\J;̃ܤ4ǩp\KfH\Z,\UZ=<Ih;C-&3\?S\g0>\\\~U3\\\SaCT|\\Z5\!(\Ȧ;{\0NN\\96\\(d0.\g{/]\Z\b35H`P\60&,\a\4c	w\ӫ6\R\҈amz/\\\UJ`Aj\0\"+D%W&2*Z/A\s\4P\\	\{r[lN,JK\\\Ou^**p,\\0w@r\&݃N\\0XpD\(\\\U\m_\gJx\	\"\\\\0=\\dk{1\4dݙ\\:H\9x\%DBG\>/w4\l\\i ߭K=0_\r\WӽD2&\)\\0ׯIZ]\ܱ\V,=I\/O?\wfj\,`BRoa%\ \)+\v\WSPɱ8d\S\2ꩾ26;U_\U1zqJP	@!&\,68\mR\\LB\=Z\0I!8@k@\Zw%P,S\y\K`xl\LA\HGS\Z\~\-mKaԯNr`ı:\015.?Z\rySZ\\|^\\)\\`\\^\\\(i㪦&\0\\\\0W\MWH\3UT\'Zj@MIF\KX*Χ\پ-~Bf\AE(\'\	>h6`6t4DB2\\r?7;F7١#;\nqma\\\0\n)\\\e|taPӟ\Z(()Πc\\\a2\,gT\C\"11Ҩ,FssRT\)\1Lai\\i5\\\\p)9\#S\0\\\NE\1\\\@gǠ>\0\QU=Tk	o\C\|~\G]s\\C,4<k\JC\1\`\72\\0\Z0ãV\q\H4{\rFZ\\8$\AN3x\4嘅|zYɯL\YMJ\;}j:\\0\Z9jz\C]N`c=[	\&\Tp:\-SPSDw\0\\d,HVP4\|\n	!8\0ڞ6s\\\ \?pr\0~\\=`5hR\\	k\0<4y\RI$\G\`\\GUTz\rasC+\z\C\\\e\RӔ#x\ZYOfGnp#\B\)\\0h\Zcfه,R#؟;\y9K\)U(\\m#\\L`;\0*ɚ\0G\I(*\N)Q?MZ+:\x/5W=>V\\G\ZnVDq\[{6rS\IHM.U8\l\{ξUn\\d9<\\d;\fWį%y,\g٘m	m	m	^J\W\g\0p\');
/*!40000 ALTER TABLE `product` ENABLE KEYS */;
UNLOCK TABLES;
/*!40103 SET TIME_ZONE=@OLD_TIME_ZONE */;

/*!40101 SET SQL_MODE=@OLD_SQL_MODE */;
/*!40014 SET FOREIGN_KEY_CHECKS=@OLD_FOREIGN_KEY_CHECKS */;
/*!40014 SET UNIQUE_CHECKS=@OLD_UNIQUE_CHECKS */;
/*!40101 SET CHARACTER_SET_CLIENT=@OLD_CHARACTER_SET_CLIENT */;
/*!40101 SET CHARACTER_SET_RESULTS=@OLD_CHARACTER_SET_RESULTS */;
/*!40101 SET COLLATION_CONNECTION=@OLD_COLLATION_CONNECTION */;
/*!40111 SET SQL_NOTES=@OLD_SQL_NOTES */;

-- Dump completed on 2025-08-02  1:15:25
